objID,ra,dec,z,zErr,photoz,photozErr,u,g,r,i,zmag,err_u,err_g,err_r,err_i,err_z
1237661465449267636,235.71722,35.614394,0.3228832,5.870537E-05,0.319028,0.02396,22.54147,20.32672,18.64398,18.06081,17.67664,0.4571248,0.03138559,0.01213905,0.01135253,0.02389358
1237661465449268066,235.65893,35.619235,0.5438721,0.0001620664,0.489723,0.056393,22.80462,21.79571,20.31669,19.5025,18.92232,0.5682423,0.1083018,0.04466021,0.03437225,0.06647965
1237661465449333457,235.80443,35.610608,0.6620156,0.0001448002,0.624428,0.058828,22.49585,21.83928,20.71146,19.7471,19.3826,0.4600458,0.1186675,0.06398868,0.04343979,0.1165911
1237661465986007388,235.74043,36.151716,0.3332132,6.367872E-05,0.340268,0.020248,22.56299,20.81029,19.0373,18.43515,18.06558,0.4864803,0.04140379,0.01535479,0.01380513,0.03267236
1237661465986008224,235.67942,36.139108,0.6340575,0.0002006807,0.605795,0.039795,23.89405,22.78165,21.11504,19.95064,19.44198,1.063833,0.1798762,0.0675487,0.03734043,0.08382591
1237661465986072932,235.68164,35.946771,0.363485,7.934895E-05,0.327784,0.022054,24.26851,20.69532,18.98856,18.41029,18.0839,1.789469,0.04362949,0.01647788,0.01493251,0.03718893
1237661465986073439,235.80843,36.016514,0.5082814,0.0001481161,0.524172,0.032959,24.58883,22.43274,20.74388,19.77535,19.40104,1.442979,0.1507962,0.05368216,0.03528594,0.08808614
1237661465986138784,235.81912,35.868046,0.5559057,0.0001471672,0.528593,0.029587,23.27002,21.92334,20.23349,19.23803,18.78873,0.7961012,0.09891261,0.0358526,0.02311858,0.05256343
1237661465986138917,235.85878,35.840905,0.6506056,0.0001871074,0.686313,0.040029,25.22237,23.45088,21.26749,19.98565,19.34577,1.04178,0.2956437,0.06946439,0.03450911,0.06852483
1237661465986139114,235.9267,35.834781,0.5551769,0.0001886499,0.545066,0.034369,22.9565,21.96017,20.42114,19.42146,18.93553,0.6285657,0.1042404,0.04242814,0.0271642,0.06061248
1237661465986204323,236.07709,35.854718,0.429213,0.000115936,0.406814,0.03892,22.9233,21.2859,19.57323,18.84733,18.38002,0.6717718,0.06521593,0.02323046,0.01915748,0.04277504
1237661465986204371,236.08601,35.839691,0.5259117,5.415787E-05,0.579558,0.068618,22.8723,21.58512,20.39449,19.39417,19.31343,0.5258926,0.06758816,0.03619339,0.02383327,0.07366489
1237661465986204519,236.06861,35.751274,0.5422544,0.0002055989,0.547598,0.027397,26.28463,22.09842,20.49652,19.45878,18.96494,0.5438482,0.1049768,0.04012921,0.02521868,0.05578839
1237661465986204519,236.06861,35.751274,0.5425106,0.0001207419,0.547598,0.027397,26.28463,22.09842,20.49652,19.45878,18.96494,0.5438482,0.1049768,0.04012921,0.02521868,0.05578839
1237661465986204521,236.13231,35.823276,0.4341499,7.890283E-05,0.399445,0.043173,22.38673,20.79695,19.12088,18.40321,17.95136,0.6205724,0.06049568,0.02234666,0.01853902,0.04276276
1237661465986204521,236.13231,35.823276,0.4342068,9.609099E-05,0.399445,0.043173,22.38673,20.79695,19.12088,18.40321,17.95136,0.6205724,0.06049568,0.02234666,0.01853902,0.04276276
1237661465986204644,236.15441,35.809335,0.3243781,0.0001068993,0.371528,0.052736,23.42142,21.92862,20.30233,19.71576,19.41386,0.6120696,0.07049127,0.02691857,0.0246366,0.06257618
1237661465986204655,236.18846,35.844822,0.5444182,0.0001882134,0.55373,0.030849,25.31726,21.719,20.22948,19.18149,18.62427,1.701754,0.1113823,0.04647462,0.02926574,0.06262942
1237661465986204697,236.13221,35.763307,0.5421258,0.0001550501,0.505329,0.023875,23.90284,21.29412,19.59752,18.67878,18.10009,2.280277,0.1046703,0.03693985,0.02567881,0.05452371
1237661465986204780,235.98567,35.785175,0.6508968,0.0001920814,0.620977,0.029926,26.26675,23.03985,20.88137,19.62318,19.20278,0.6500598,0.271123,0.06395108,0.03279337,0.0784046
1237661465986204780,235.98567,35.785175,0.6508285,0.0001849171,0.620977,0.029926,26.26675,23.03985,20.88137,19.62318,19.20278,0.6500598,0.271123,0.06395108,0.03279337,0.0784046
1237661465986269539,236.24893,35.770789,0.3254238,8.022585E-05,0.359926,0.022658,23.58916,21.10068,19.32807,18.68928,18.34853,0.9207043,0.046505,0.01665021,0.01469351,0.03539627
1237661465986269539,236.24893,35.770789,0.3254616,7.264656E-05,0.359926,0.022658,23.58916,21.10068,19.32807,18.68928,18.34853,0.9207043,0.046505,0.01665021,0.01469351,0.03539627
1237661465986269754,236.13403,35.749065,0.6402286,6.243501E-05,0.604354,0.052688,23.34915,22.06289,20.90728,19.92593,19.49191,0.8801963,0.1143812,0.06283575,0.04130469,0.1009353
1237661465986270023,236.24475,35.791821,0.6933411,0.0003004418,0.611681,0.031186,22.33051,22.81948,20.47611,19.28528,18.69432,0.609179,0.3654241,0.07098994,0.03879696,0.08222551
1237661465986270112,236.30379,35.82107,0.5042616,0.0001651272,0.542904,0.041842,23.99697,22.113,20.70716,19.75246,19.27078,1.134338,0.104234,0.04794637,0.03233419,0.07386485
1237661465986270208,236.26493,35.732382,0.4145945,8.506112E-05,0.387132,0.029221,22.47236,21.01112,19.26112,18.57372,18.18237,0.4697314,0.05216862,0.01854351,0.01578862,0.03718455
1237661465986270208,236.26493,35.732382,0.4145192,0.0001058353,0.387132,0.029221,22.47236,21.01112,19.26112,18.57372,18.18237,0.4697314,0.05216862,0.01854351,0.01578862,0.03718455
1237661465986270419,236.38502,35.79071,0.6920112,0.0003041105,0.63456,0.069858,21.61849,21.95901,20.80327,19.82294,19.35712,0.2465597,0.1296427,0.07289287,0.04835335,0.1162964
1237661465986334881,236.37748,35.666274,0.5525348,0.0001929258,0.565794,0.041711,24.46374,22.11392,20.57579,19.49929,19.26197,1.69736,0.1361947,0.05492503,0.0330819,0.09448917
1237661465986335143,236.4388,35.659931,0.05523921,1.032217E-05,0.050471,0.009862,17.60702,15.61395,14.70474,14.26028,13.9209,0.02300101,0.002910858,0.002401034,0.002405033,0.004079868
1237661465986335143,236.4388,35.659931,0.0551876,1.095073E-05,0.050471,0.009862,17.60702,15.61395,14.70474,14.26028,13.9209,0.02300101,0.002910858,0.002401034,0.002405033,0.004079868
1237661465986335376,236.34247,35.605102,0.4842906,0.0001597205,0.489634,0.045634,24.93997,21.42817,20.00107,19.16921,18.67722,2.14067,0.09492484,0.04433548,0.03108006,0.07077168
1237661465986335492,236.36223,35.749028,0.5426754,0.0001575701,0.586776,0.055066,22.86346,21.70473,20.46382,19.43226,18.88382,0.7668758,0.1091879,0.05651496,0.03582509,0.07791996
1237661465986335547,236.39053,35.756471,0.5047854,0.0001057781,0.499687,0.045204,21.34437,20.58105,19.23043,18.4341,18.04731,0.2457205,0.04979356,0.02418411,0.0189814,0.0461148
1237661465986335579,236.415,35.778847,0.6571964,0.0002338016,0.591416,0.031547,24.6054,23.34865,20.87726,19.724,19.1532,1.760862,0.3921257,0.07579688,0.04115782,0.08782375
1237661465986335680,236.34151,35.652872,0.5740536,0.0002212748,0.570048,0.050165,23.26504,21.87487,20.55644,19.55887,19.06725,1.091759,0.1304814,0.06189529,0.03948845,0.09213715
1237661465986335737,236.37029,35.660675,0.550888,0.0002031747,0.562015,0.038715,25.08431,22.37646,20.823,19.7548,19.34189,1.36346,0.1488913,0.05756337,0.03525719,0.08630981
1237661465986335752,236.45277,35.752763,0,0,0.581967,0.026258,26.67588,22.46529,20.68738,19.54128,19.07528,0.3880551,0.1453701,0.04730687,0.02780087,0.06373037
1237661465986335804,236.36396,35.632443,0.6910111,0.0002903469,0.576599,0.053689,23.39512,22.22765,20.94059,19.94445,19.69603,1.100158,0.1634609,0.08061495,0.0513512,0.1561074
1237661465986400881,236.53321,35.662091,0.4887718,0.0001151244,0.467106,0.042053,23.95501,22.17065,20.49523,19.6897,19.22778,0.967793,0.09403685,0.03446027,0.02625226,0.06086729
1237661465986401158,236.63033,35.652291,0.4541922,0.0001362978,0.476741,0.044397,23.43708,22.03993,20.42785,19.60295,19.37332,0.8351161,0.103261,0.03916544,0.02888967,0.08117573
1237662337863582085,235.86107,35.709683,0.3239157,0.0001077243,0.367755,0.031704,24.26135,21.09734,19.33676,18.66924,18.3264,1.680108,0.0586236,0.01993789,0.01835352,0.04743645
1237662337863582465,235.88399,35.804221,0.5575307,0.000110305,0.504631,0.052588,22.77079,21.93453,20.36336,19.50908,19.20146,0.8887923,0.166081,0.06479464,0.0509958,0.1470808
1237662337863582603,235.88549,35.751985,0.5437222,0.000195224,0.555731,0.037658,26.02834,22.36581,20.70072,19.6411,19.28876,0.9704621,0.1838211,0.06539372,0.04355982,0.1174125
1237662337863582680,235.90981,35.74771,0.5130758,7.649933E-05,0.487443,0.021259,22.85927,22.05103,20.24304,19.37879,18.87616,0.5662118,0.1076225,0.03470054,0.02726886,0.06278358
1237662337863582746,235.91431,35.727079,0.4599217,0.0001579169,0.494597,0.02384,24.87358,21.92949,20.20152,19.31212,18.79455,1.595692,0.1079292,0.03705316,0.02845113,0.0654179
1237662337863647912,235.91526,35.668117,0.5412073,0.000164166,0.525997,0.023351,22.87742,21.74492,20.02805,19.02767,18.47599,0.7482187,0.1067589,0.03664385,0.02560429,0.05678616
1237662473154069107,236.0543,36.013689,0.6287305,0.0001404864,0.645992,0.041798,26.33164,22.64302,21.1087,19.8024,19.33661,0.556481,0.1982538,0.0727243,0.03378358,0.07738964
1237662473154134804,236.28526,35.906967,0.4769417,0.000122685,0.49553,0.02332,23.54029,21.60387,19.69055,18.72996,18.39539,1.359567,0.1214634,0.03195884,0.0202237,0.0497224
1237662473154134855,236.28894,35.889908,0.6426469,0.0001671472,0.599763,0.055598,25.50773,21.6602,20.61886,19.58706,18.96002,1.283513,0.1054255,0.05869862,0.03433137,0.06765445
1237662473154330634,236.62613,35.709647,0.2362218,2.47822E-05,0.222673,0.019917,21.53329,19.20492,17.86773,17.30771,16.98474,0.3086546,0.02118108,0.009995621,0.008746515,0.01950501
1237662473691005771,236.48539,36.315657,0.6336775,0.0002631615,0.644049,0.053707,23.06595,23.2981,21.59581,20.42123,19.77325,0.5777383,0.3271411,0.1047727,0.05108377,0.1157346
1237662474227811176,236.71459,36.599281,0.8840556,0.0003041899,0.798606,0.093713,24.81645,22.5287,22.07367,20.55307,19.59057,2.672033,0.3158942,0.3107675,0.1138114,0.2100078
1237662474227941403,236.82607,36.413358,0.5485104,0.0002125896,0.581652,0.046151,24.94092,23.01129,21.63116,20.55672,19.87231,1.078995,0.205516,0.08640093,0.04664954,0.1084909
1237662503755645954,236.37797,36.483098,0.5743481,0.000301554,0.549783,0.029225,23.81082,23.34369,21.27863,20.28281,19.62668,1.037943,0.3415312,0.08338169,0.05165926,0.1149388
1237662503755776627,236.63907,36.403059,0.9703574,0.0002221394,0.821274,0.090401,23.23771,22.84067,21.75175,20.62015,19.81125,0.5961289,0.1895985,0.1087014,0.06082192,0.1199715
1237662503755776824,236.72445,36.354111,0.9293096,0.0005201062,0.637465,0.141372,24.68277,22.57714,21.92585,20.74523,19.86029,1.485121,0.1888161,0.1623075,0.08652523,0.1660619
1237662503755841694,236.77429,36.208153,0.7519732,0.0003193968,0.722212,0.052607,24.31173,24.18899,21.65247,20.36487,19.55186,1.409886,0.7001352,0.1278875,0.06089712,0.1254003
1237662503755842796,236.67215,36.221825,0.7482388,0.0003501268,0.68204,0.051712,26.59851,23.80234,22.29587,20.43405,19.60142,0.6768855,0.7827982,0.3300235,0.09555323,0.1938188
1237662503755842816,236.75128,36.269359,0.929706,0.0006121921,0.803527,0.088455,23.57519,23.04505,22.03509,20.64182,19.78951,1.181795,0.3448378,0.2150057,0.09399213,0.1881923
1237662473154330976,236.6069,35.702178,0.3274432,6.451715E-05,0.353621,0.030225,22.79664,20.87833,19.16314,18.51682,18.14391,0.6051136,0.05180598,0.01739361,0.0147361,0.03459838
1237662473690939760,236.41347,36.29289,0.264777,4.98568E-05,0.285046,0.021515,22.3401,19.86578,18.30317,17.73831,17.3659,0.4137174,0.02368796,0.009839958,0.008542416,0.02064507
1237662473690940250,236.27891,36.20439,0.6882154,0.0001593715,0.654671,0.039032,25.82544,22.69665,21.23815,19.88537,19.3838,0.6516656,0.1732687,0.06818733,0.02995121,0.07387902
1237662473690940319,236.37562,36.267168,0.487918,0.0001255665,0.497971,0.029421,25.84733,21.77146,20.10586,19.21814,18.67618,0.9449685,0.1100046,0.03660988,0.02391374,0.05674067
1237662473691004997,236.511,36.230271,0.4890215,0.000129032,0.494718,0.022069,23.04492,21.73843,20.02633,19.13641,18.63211,0.6268209,0.0929845,0.0302038,0.01963071,0.04579585
1237662473691005160,236.43284,36.130148,0.06711904,1.641188E-05,0.063571,0.010213,18.57535,16.68849,15.81896,15.42126,15.10192,0.03342745,0.004407568,0.003352277,0.003249547,0.006766365
1237662473691005249,236.461,36.078052,0.3342295,6.001827E-05,0.336807,0.02155,22.37127,20.53617,18.83972,18.24245,17.8535,0.4164462,0.03978991,0.01415836,0.01166665,0.0289722
1237662473691005286,236.57029,36.179944,0.3350359,7.704712E-05,0.379051,0.024912,24.13908,21.40016,19.53544,18.89952,18.45151,1.227019,0.0676998,0.02000201,0.01594317,0.0383433
1237662473691005436,236.40676,36.208255,0.617524,0.0001177356,0.584594,0.03594,22.10026,21.61378,20.08721,18.95953,18.441,0.3620352,0.1073547,0.03997872,0.0211437,0.05030039
1237662473691005455,236.49501,36.296746,0.4751161,0.0001551226,0.483466,0.031801,24.32562,22.43701,20.70632,19.85405,19.30766,1.291132,0.1696281,0.05164143,0.03376642,0.0799781
1237662473691005706,236.57861,36.202574,0.6426184,0.0001261872,0.586451,0.047072,24.50626,22.07925,20.76707,19.66995,19.16884,1.152917,0.1057481,0.04694859,0.02527827,0.05992254
1237662473691070934,236.50611,36.073979,0.5023425,0.0001201038,0.519923,0.037373,22.08684,22.24745,20.54194,19.58989,19.27389,0.3280097,0.1676122,0.05301771,0.03194188,0.09292836
1237662473691070957,236.64713,36.217867,0.4611424,0.0001249428,0.48458,0.024866,22.86772,21.62127,19.9009,19.02162,18.63536,0.708299,0.109023,0.03418314,0.02243458,0.06035163
1237662473691071021,236.67248,36.199789,0.4611412,8.803297E-05,0.473012,0.021201,23.15155,21.45706,19.7389,18.89356,18.39832,0.722625,0.07600396,0.02474998,0.01696315,0.04022453
1237662473691136155,236.73109,36.068481,0.52675,0.0002325259,0.558612,0.031258,23.40505,23.38267,20.79294,19.71637,19.36452,0.8580627,0.3931159,0.05865871,0.03258642,0.09233702
1237662473691136355,236.63803,35.971592,0.3357028,6.296123E-05,0.322543,0.019253,21.78388,20.25489,18.58451,17.97127,17.63066,0.3881246,0.0465069,0.01639294,0.01379133,0.03770333
1237662474227875907,236.77206,36.45703,0.5018908,0.0001607773,0.486072,0.045986,25.76938,23.10641,20.54271,19.60433,19.34967,1.293321,0.4226012,0.06298635,0.03799536,0.1293976
1237662474227876385,236.71002,36.484736,0.4535521,8.663747E-05,0.425395,0.025514,21.88181,21.05942,19.15036,18.401,18.02767,0.3842921,0.07668829,0.02183458,0.01595614,0.04647136
1237662474227876417,236.73444,36.491459,0.6468362,0.0001416343,0.555685,0.042283,24.64377,22.33921,20.69615,19.66753,19.39346,1.569834,0.1586234,0.05409261,0.03069531,0.09944721
1237662474227941402,236.82987,36.408512,0.2395236,3.642193E-05,0.235028,0.014014,21.75397,19.31601,17.90597,17.38578,17.07191,0.3108034,0.01697634,0.008246375,0.007287277,0.01950193
1237662503218839645,236.2503,36.110351,0.06285614,1.643013E-05,0.090177,0.016148,19.123,17.25316,16.33084,15.89612,15.5071,0.04770134,0.005853832,0.004216209,0.00423703,0.008292923
1237662503218839929,236.18899,36.075565,0.06958701,1.670241E-05,0.080678,0.013084,19.02979,17.01421,16.04149,15.55343,15.17687,0.03925908,0.004676641,0.003450278,0.003394436,0.006071528
1237662503218905405,236.36477,36.013185,0.06695418,1.629629E-05,0.085775,0.008625,19.02289,17.0349,16.0908,15.65115,15.28769,0.03809519,0.00466666,0.003480315,0.003455298,0.00645871
1237662503218906017,236.37397,35.988282,0.3358997,9.264205E-05,0.365526,0.023351,23.75038,21.52581,19.59163,18.95215,18.59521,1.296074,0.08737589,0.02445754,0.02164648,0.05669085
1237662503218970960,236.42599,35.854213,0.3183938,5.495023E-05,0.299596,0.01929,22.34075,19.97463,18.36688,17.80358,17.44054,0.5296866,0.02947869,0.01169429,0.01099207,0.02660029
1237662503219036357,236.62267,35.791443,0.07924994,1.389654E-05,0.088954,0.008161,19.02173,17.04624,16.10498,15.68003,15.35099,0.03505991,0.004550055,0.003417689,0.003425527,0.006289179
1237662503219036362,236.6965,35.871439,0.2358079,3.778536E-05,0.229552,0.016067,22.64149,19.23735,17.83785,17.32545,16.97938,0.7375314,0.01747438,0.008440945,0.00816033,0.01911478
1237662503755711320,236.57463,36.423673,0.6352435,0.000186835,0.572826,0.034366,22.72631,21.94099,20.31678,19.20086,18.68169,0.9328863,0.2086671,0.07216542,0.04058173,0.1070754
1237662503755776563,236.59677,36.404626,0.4644834,0.0001204146,0.493298,0.027637,25.8359,21.8158,20.18515,19.31556,18.71856,0.8980417,0.1046853,0.03761026,0.02660609,0.06227737
1237662503755776626,236.55593,36.315261,0.5729738,0.0001389531,0.576784,0.046813,25.17012,21.28323,20.11867,19.06467,18.63274,2.019838,0.09537942,0.05096978,0.03140217,0.08653465
1237662503755776849,236.65296,36.262743,0.5693281,0.0001232941,0.518987,0.031873,26.22571,22.50179,20.62181,19.72094,19.18699,0.4601785,0.1336243,0.04007789,0.02798842,0.06826357
1237661465986072942,235.76341,35.987408,0.342946,7.139439E-05,0.330888,0.028269,25.35299,20.76202,19.05039,18.44708,18.00078,1.215403,0.03800042,0.0146075,0.01308484,0.02869043
1237661465986073180,235.80125,36.126529,0.3663255,4.708208E-05,0.411664,0.098216,23.62962,21.52006,20.27248,19.5425,19.17108,1.038876,0.06936335,0.04069242,0.02976618,0.0749229
1237661465986073762,235.78864,36.057056,0.6302019,0.0001968667,0.612014,0.037612,21.55894,22.43482,20.43924,19.25477,18.79212,0.2977707,0.2445462,0.06612816,0.03640518,0.08626314
1237661465986138518,235.90255,35.937721,0.3239838,5.317837E-05,0.328377,0.020749,22.62073,20.71744,19.03641,18.43161,18.10749,0.4418661,0.03503545,0.01393579,0.0125148,0.02941974
1237661465986138526,235.9621,35.962666,0.3009989,4.897879E-05,0.299027,0.015271,22.11968,19.99097,18.36655,17.77176,17.40633,0.3855267,0.02499193,0.01053364,0.009607184,0.0215082
1237661465986138767,235.91545,35.993147,0.4497595,5.005692E-05,0.305855,0.041602,22.15892,20.88599,19.44911,18.89066,18.51937,0.3757044,0.04996901,0.02213575,0.02066044,0.05256129
1237661465986139150,236.04415,35.959891,0.4091612,9.625652E-05,0.391421,0.03018,26.22873,21.4443,19.63261,18.94717,18.53798,0.6772045,0.06936132,0.02312904,0.01961893,0.04538728
1237662337863516273,235.65648,35.854315,0.000108371,1.279297E-05,0.228111,0.027161,21.56638,19.52135,18.16634,17.50483,17.12782,0.1472794,0.01290123,0.007261376,0.006625654,0.0135492
1237662337863516392,235.69716,35.92491,0.2994932,5.406913E-05,0.285967,0.018338,21.5689,19.89401,18.33914,17.74144,17.426,0.2496632,0.02447742,0.0109502,0.01042046,0.02609925
1237662337863516685,235.71996,35.916906,0.6306213,0.0002295633,0.596463,0.032225,24.98574,22.63442,21.01281,19.87327,19.24409,1.180998,0.1541945,0.06121764,0.03693559,0.07774162
1237662337863516814,235.73212,35.856115,0.6017247,0.0001309612,0.529569,0.108673,21.56553,20.82444,19.81423,19.10827,18.44324,0.4057909,0.08316717,0.05363105,0.04842393,0.1004545
1237662337863582022,235.87531,35.724464,0.4476935,7.137183E-05,0.431675,0.021889,26.40112,21.17193,19.44326,18.67093,18.27087,0.5782071,0.05477108,0.01956457,0.01664255,0.04053316
1237662337863582085,235.86107,35.709683,0.3240103,7.062044E-05,0.367755,0.031704,24.26135,21.09734,19.33676,18.66924,18.3264,1.680108,0.0586236,0.01993789,0.01835352,0.04743645
1237662337863582465,235.88399,35.804221,0.5574839,0.0001565974,0.504631,0.052588,22.77079,21.93453,20.36336,19.50908,19.20146,0.8887923,0.166081,0.06479464,0.0509958,0.1470808
1237662337863582680,235.90981,35.74771,0.5131718,6.619341E-05,0.487443,0.021259,22.85927,22.05103,20.24304,19.37879,18.87616,0.5662118,0.1076225,0.03470054,0.02726886,0.06278358
1237662337863647912,235.91526,35.668117,0.5414165,0.0001146773,0.525997,0.023351,22.87742,21.74492,20.02805,19.02767,18.47599,0.7482187,0.1067589,0.03664385,0.02560429,0.05678616
1237662337863648076,235.96711,35.660018,0.560078,0.0001875092,0.533869,0.04014,22.53489,21.88585,20.49162,19.60374,19.02587,0.51135,0.116231,0.0514207,0.03932751,0.0872261
1237662337863648136,235.95002,35.616621,0.325043,9.401295E-05,0.35288,0.044799,22.90279,21.75568,20.10997,19.53852,19.1312,0.5160738,0.07430207,0.02775827,0.02697598,0.06660493
1237662337863713176,236.1726,35.598975,0,0,0.406469,0.024384,24.68796,21.49072,19.61157,18.90881,18.44403,1.716031,0.0813376,0.0244358,0.02231994,0.05095177
1237662473154003452,235.88374,36.154042,0.6604024,0.0002194092,0.581167,0.027536,26.07517,21.95453,20.30204,19.13988,18.71963,1.256612,0.1910455,0.06437058,0.03257702,0.07775649
1237662473154003635,235.9084,36.08778,0.6372318,0.0001626548,0.627738,0.063967,23.64777,22.43921,21.20597,20.08332,19.50503,0.9619645,0.1617936,0.07990318,0.04189863,0.08815962
1237661465986007197,235.6484,36.151434,0.197373,2.348704E-05,0.195266,0.02556,19.70263,18.47638,17.54963,17.10273,16.81642,0.07581288,0.01153044,0.00819333,0.00826279,0.02029977
1237661465986007242,235.72714,36.146339,0.1570485,2.247754E-05,0.124521,0.03201,19.69406,18.05246,17.22304,16.89058,16.64838,0.0456008,0.006553797,0.005109048,0.005370168,0.01153811
1237661465986072866,235.8944,36.051354,0.1913277,4.319018E-05,0.196043,0.011867,21.02249,18.79647,17.49906,17.02279,16.70206,0.1615938,0.01137425,0.006455495,0.00634905,0.01396592
1237661465986072918,235.79597,36.101493,0.3656392,0.0001101736,0.361998,0.022436,23.20739,20.76226,18.99922,18.36525,17.94443,0.856695,0.04135393,0.01523249,0.01338689,0.0302019
1237661465986335146,236.42283,35.660888,0.05498169,2.251137E-05,0.046651,0.019293,19.13241,17.62904,17.08061,16.8184,16.59398,0.09028727,0.01088446,0.01004322,0.01208016,0.03391392
1237661465986335286,236.45468,35.680592,0.3816856,0.0001076152,0.347635,0.033753,22.75331,20.43272,18.77846,18.10682,17.76529,0.6888957,0.03674999,0.01443035,0.01244992,0.03008171
1237662473154134104,236.19515,35.950268,0.06286892,1.6518E-05,0.066089,0.009643,18.49921,16.4891,15.60366,15.18665,14.8849,0.02541292,0.003667157,0.002895844,0.002829326,0.004740403
1237662473154134107,236.24706,35.929934,0.06485599,2.317619E-05,0.098997,0.015247,20.49767,18.44379,17.51323,17.14261,16.83124,0.08121697,0.00847861,0.006040282,0.006297908,0.01178869
1237662473154265422,236.56117,35.739919,0.06869741,1.07948E-05,0.094367,0.019562,18.99698,17.72148,17.08169,16.718,16.482,0.04137239,0.007134346,0.005893423,0.006029848,0.01511125
1237662473154265479,236.60979,35.714427,0.1158771,3.192708E-05,0.110806,0.007002,19.75951,17.7466,16.72391,16.29514,15.91081,0.07023823,0.007173039,0.004759978,0.004597685,0.009150689
1237662473154330763,236.59671,35.684754,0.1516771,3.14291E-05,0.13998,0.008833,20.00618,17.97054,16.85631,16.38787,16.01585,0.08190212,0.008010345,0.004996552,0.004742576,0.009476283
1237662473154330930,236.69871,35.664239,0.07735498,2.409425E-05,0.090182,0.02626,19.60564,18.25011,17.60302,17.24656,17.02754,0.06777629,0.01086151,0.008316907,0.008583864,0.02255366
1237662473690939500,236.326,36.213644,0.06753454,2.325664E-05,0.076209,0.010369,19.76818,17.8607,16.97948,16.56202,16.25617,0.0568632,0.006791496,0.004910951,0.004705733,0.01071244
1237662473690939647,236.28331,36.184873,0.05844347,2.415837E-05,0.065513,0.015006,18.20866,16.87177,16.25138,15.9163,15.71328,0.02901521,0.005280048,0.00450434,0.004608886,0.01347245
1237662473690939703,236.38213,36.217623,0.06134604,1.793831E-05,0.061887,0.010076,18.80227,16.93591,16.07286,15.66025,15.34227,0.0320107,0.004457183,0.003428982,0.003324994,0.006797218
1237662473690939706,236.46118,36.30367,0.1585494,4.31697E-05,0.166543,0.00974,20.97008,18.5437,17.37269,16.88754,16.54925,0.1924191,0.01202502,0.00688578,0.006334042,0.01551726
1237662473691005086,236.33983,36.146179,0.07616055,7.837183E-06,0.074716,0.020247,19.32014,18.15948,17.72118,17.43003,17.36083,0.04450622,0.008532987,0.008048243,0.008381568,0.0280224
1237662473691005092,236.44768,36.254269,0.06952496,2.170037E-05,0.061403,0.011617,18.81066,17.07988,16.26805,15.90295,15.60675,0.03385378,0.004728311,0.003653582,0.003594689,0.00810153
1237662473691005104,236.36196,36.155037,0.06888978,1.953971E-05,0.0625,0.012383,19.35167,17.53033,16.69919,16.31105,16.01377,0.04174457,0.005711615,0.004315948,0.00420515,0.009191948
1237662473691005120,236.37001,36.133343,0.06534892,3.115347E-05,0.085884,0.01787,20.08716,18.31786,17.471,17.09365,16.80202,0.07117082,0.008926649,0.006436909,0.006231185,0.01530592
1237662473691005127,236.43274,36.196926,0.07812747,1.937754E-05,0.08136,0.008668,18.2175,16.27185,15.32941,14.90517,14.56316,0.0260557,0.00359853,0.002733082,0.002643823,0.004959086
1237662473691005150,236.42131,36.137426,0.06137229,6.049858E-06,0.063797,0.01052,18.13808,17.15285,16.829,16.5455,16.44131,0.02212905,0.005542708,0.005518124,0.005814103,0.01912447
1237662473691070641,236.64889,36.16354,0.06372982,8.469001E-06,0.061846,0.015638,18.26752,17.24881,16.81224,16.49025,16.29615,0.02145158,0.005340671,0.004692168,0.004820979,0.01258914
1237662473691070730,236.59941,36.108261,0.3178239,3.164642E-05,0.195745,0.020205,20.70705,19.07384,17.8069,17.28765,16.87889,0.1852532,0.02073219,0.009993056,0.009065925,0.02326113
1237662473691136154,236.73739,36.068504,0.1228896,2.424758E-05,0.102915,0.022913,18.87269,17.46309,16.65202,16.20088,15.84618,0.03851634,0.006054431,0.004564902,0.004344197,0.01005539
1237662473691136193,236.72726,35.990148,0.1863666,4.792489E-05,0.193719,0.011605,21.08986,19.04724,17.77165,17.27072,16.90519,0.1825796,0.0155138,0.008100549,0.007412338,0.01809946
1237662473691136233,236.8605,36.080049,0.1651205,3.204281E-05,0.14307,0.018565,20.18196,18.49787,17.47227,17.02505,16.67553,0.08391539,0.01049709,0.006703348,0.00639574,0.01535557
1237662503218839651,236.25418,36.106436,0.06515587,1.879184E-05,0.073603,0.00819,19.42859,17.42578,16.53966,16.10832,15.82342,0.05733432,0.006216348,0.004556844,0.004558233,0.009785328
1237662503218839656,236.2393,36.117985,0.06424987,3.709509E-05,0.131051,0.03041,21.67892,19.42985,18.51436,18.0167,17.71913,0.1582249,0.01282944,0.008827551,0.00834618,0.01840428
1237662503218839829,236.16618,36.115782,0.06990343,2.084571E-05,0.08386,0.008303,19.416,17.53659,16.62778,16.20546,15.89088,0.04082623,0.0054362,0.004103967,0.004117366,0.00783137
1237662503218839834,236.21589,36.166635,0.06859545,1.949974E-05,0.07578,0.011468,19.09057,17.24271,16.34496,15.90724,15.57906,0.0365519,0.004966978,0.003752967,0.003737458,0.007135902
1237662503218839839,236.24133,36.188203,0.06332173,2.464457E-05,0.07681,0.013914,19.82353,18.0012,17.15565,16.759,16.46953,0.06634087,0.007772395,0.005671784,0.005860238,0.01342707
1237662503218839846,236.18645,36.129856,0.06279468,1.710545E-05,0.068351,0.007456,18.62782,16.65588,15.74995,15.32205,14.97807,0.02854254,0.003902886,0.003067165,0.00308076,0.00537161
1237662503218839869,236.26404,36.182252,0.06565404,1.834966E-05,0.081024,0.009693,18.81667,16.91062,15.97756,15.52804,15.17501,0.03447421,0.004519097,0.003375586,0.003351021,0.006197172
1237662503218839883,236.2007,36.100549,0.06949467,2.926608E-05,0.083987,0.011941,20.16984,18.23306,17.3301,16.88686,16.57559,0.07548315,0.00808523,0.005734832,0.005718464,0.01244618
1237662503218839896,236.261,36.156339,0.06039927,1.442267E-05,0.062406,0.010551,18.3734,16.41381,15.52388,15.09743,14.7649,0.02291663,0.003510734,0.002860723,0.002857215,0.004639656
1237662503218839916,236.17264,36.06545,0.06399604,1.707819E-05,0.077039,0.012338,18.59523,16.77487,15.89177,15.47345,15.17317,0.03669484,0.004718511,0.003557809,0.003582361,0.007339083
1237662503218839930,236.19078,36.079215,0.06218404,2.390573E-05,0.075747,0.01512,19.73275,17.94662,17.10767,16.6898,16.40086,0.05999636,0.007345113,0.005415296,0.005498707,0.01227992
1237662503218839937,236.28273,36.146398,0.06987984,1.823088E-05,0.071036,0.010935,18.72795,16.6769,15.73422,15.28257,14.93316,0.02934016,0.003905597,0.003045568,0.003012129,0.005049091
1237662503218839954,236.2196,36.069103,0.07007065,1.926252E-05,0.068753,0.012415,19.45362,17.54589,16.69749,16.2939,16.00794,0.04726763,0.005800729,0.004407531,0.004456423,0.0091617
1237662503218839974,236.24143,36.06883,0.0599989,2.128274E-05,0.066187,0.012053,18.47967,16.59626,15.71089,15.2984,14.95353,0.03123512,0.004130883,0.003164304,0.003225075,0.006109888
1237662503218839993,236.27367,36.115484,0.06575026,2.54789E-05,0.075747,0.013122,19.74451,17.89232,17.02093,16.58244,16.28199,0.06701427,0.007522513,0.005441022,0.005455792,0.01235017
1237662503218905125,236.24543,35.956431,0.2565073,0.0001119905,-9999,-9999,24.45177,20.92101,25.75496,17.64079,18.93941,6.268777,0.186244,3.500589,0.02492118,0.2793972
1237662503218905269,236.21477,36.01987,0.06566165,2.145513E-05,0.09274,0.017557,18.94011,17.30068,16.46883,16.07354,15.78376,0.05265561,0.006724678,0.005003199,0.00517616,0.0123912
1237662503218905276,236.28028,36.090776,0.06910166,1.928865E-05,0.082922,0.010013,19.03089,17.1411,16.20873,15.76389,15.42578,0.03734659,0.004871373,0.003622808,0.003589007,0.006855038
1237662503218905298,236.24023,36.020008,0.06411387,2.766919E-05,0.08112,0.011382,20.04818,18.24608,17.38305,16.98094,16.68335,0.06969297,0.008192094,0.005984673,0.006106644,0.01387821
1237662503218905311,236.34596,36.106418,0.06874521,1.561053E-05,0.074642,0.009237,18.99652,17.05354,16.14873,15.73401,15.43038,0.03350042,0.004504777,0.003479792,0.003469412,0.006464385
1237662503218905336,236.2489,35.988133,0.06586951,2.965712E-05,0.085006,0.014709,19.97101,18.08009,17.18178,16.7638,16.40388,0.08794039,0.008877489,0.006271794,0.006406604,0.01468612
1237662503218905343,236.25633,35.971593,0.0730399,1.408902E-05,0.074486,0.013374,18.82915,16.95393,16.09077,15.69801,15.39875,0.02973695,0.004280441,0.003368891,0.003402507,0.006393894
1237662503218905357,236.31521,36.017164,0.06683443,2.232951E-05,0.083536,0.0108,19.9837,17.99814,17.09447,16.67887,16.35013,0.0659859,0.007075679,0.005114368,0.005138326,0.01092076
1237662503218905378,236.38393,36.077117,0.06209526,7.493678E-06,0.063116,0.016838,18.93356,17.91376,17.54475,17.27603,17.14374,0.0314174,0.00682365,0.00669805,0.007679953,0.02205463
1237662503218905389,236.30726,35.975124,0.07292885,2.474145E-05,0.096523,0.020503,19.93979,18.25181,17.38102,16.97511,16.65174,0.05626392,0.00768825,0.005647654,0.005705815,0.01223428
1237662473154003635,235.9084,36.08778,0.6375391,0.0002020516,0.627738,0.063967,23.64777,22.43921,21.20597,20.08332,19.50503,0.9619645,0.1617936,0.07990318,0.04189863,0.08815962
1237662473154069107,236.0543,36.013689,0.6288996,0.000157161,0.645992,0.041798,26.33164,22.64302,21.1087,19.8024,19.33661,0.556481,0.1982538,0.0727243,0.03378358,0.07738964
1237662473154134819,236.2815,35.901161,0.6656393,0.0002183647,0.621387,0.056426,22.81305,21.96337,20.73306,19.62489,19.24455,0.7402667,0.1634534,0.0758694,0.04100078,0.1009043
1237662473154134853,236.29131,35.892978,0.6485165,0.0002158071,0.629558,0.033452,22.75103,21.96371,20.19133,18.93119,18.34703,0.6656578,0.1531866,0.0443163,0.02175415,0.04352309
1237662473154331353,236.68618,35.672313,0.5484718,9.695492E-05,0.541003,0.026636,26.20572,21.54522,19.98182,18.93971,18.54892,0.722207,0.08952086,0.03237013,0.01974483,0.04683199
1237662473154396466,236.75125,35.593807,0.3603328,5.733823E-05,0.35455,0.01826,22.79458,20.79353,18.98475,18.37523,17.97542,0.6137447,0.04652547,0.0148746,0.01267276,0.0281732
1237662473690677588,235.74729,36.616,0.3711935,8.349951E-05,0.373438,0.028841,22.02192,21.10709,19.26071,18.62618,18.22242,0.3094905,0.06265102,0.01948442,0.01559194,0.03834139
1237662473690677588,235.74729,36.616,0.3710869,7.90204E-05,0.373438,0.028841,22.02192,21.10709,19.26071,18.62618,18.22242,0.3094905,0.06265102,0.01948442,0.01559194,0.03834139
1237662473690742982,235.81651,36.460305,0.07692385,1.552373E-05,0.060627,0.017041,18.26611,16.51191,15.65705,15.21343,14.87694,0.02386924,0.003696649,0.002935567,0.002812597,0.005333528
1237662473690743264,235.80663,36.58988,0.6268269,0.0001281843,0.58292,0.045559,22.46642,22.65458,21.02105,19.9157,19.59974,0.302903,0.1564249,0.05556265,0.02969681,0.07799022
1237662473690743380,235.86815,36.585321,0.5910094,0.0001249923,0.563761,0.028257,23.35698,22.36489,20.58868,19.5246,19.00134,0.7519533,0.1500217,0.0463737,0.02589761,0.05854458
1237662473690743429,235.84211,36.522839,0.5217415,0.0001465571,0.544917,0.039296,23.80681,21.89585,20.42831,19.44533,19.11275,1.381465,0.1326863,0.05349601,0.03149566,0.08616818
1237662473690743499,235.953,36.593407,0.5928284,0.0001597903,0.559492,0.047934,23.04163,21.96725,20.61975,19.64486,19.18926,0.673096,0.1217402,0.05318029,0.03136908,0.07907484
1237662473690743592,235.99647,36.586255,0.5924276,0.0002552087,0.539365,0.03057,22.68557,22.20291,20.40144,19.39694,18.88754,0.6488779,0.1942117,0.05733908,0.0328743,0.07925843
1237662473690808771,235.99757,36.522394,0.4647952,0.0001962121,0.446592,0.051565,24.73001,21.55763,20.07271,19.29154,18.88183,1.499804,0.08650301,0.03450113,0.02387603,0.06335623
1237662473690874068,236.21503,36.480127,6.655991E-05,3.105477E-05,0.416787,0.160882,22.69155,20.43118,19.90817,18.73199,18.12168,0.7657337,0.05202747,0.04754278,0.02285127,0.04951504
1237662473690874674,236.1839,36.330131,0.4522142,0.0001991555,0.489129,0.033852,21.73716,21.75677,19.92445,19.08673,18.48689,0.344684,0.1575473,0.04659684,0.03075523,0.07063876
1237662473690874847,236.19971,36.282227,0.7057862,0.0001082372,0.55221,0.057809,23.18775,21.56177,20.30844,19.43507,19.1791,0.5824242,0.06560744,0.03340981,0.02176804,0.06258012
1237662473690874916,236.16084,36.439591,0.6301518,0.0001938016,0.686933,0.0542,23.24101,22.86509,21.15396,19.90381,19.18416,0.7797813,0.2565671,0.0870242,0.03841242,0.07889087
1237662473690874916,236.16084,36.439591,0.63024,0.0003344037,0.686933,0.0542,23.24101,22.86509,21.15396,19.90381,19.18416,0.7797813,0.2565671,0.0870242,0.03841242,0.07889087
1237662473690874980,236.1584,36.329442,0.7121806,0.0002703164,0.634172,0.033388,24.22947,22.44851,20.13004,18.84711,18.29303,3.755142,0.4838993,0.09120484,0.04004563,0.09853281
1237662473690939684,236.41212,36.27842,0.5475895,0.0001519381,0.491356,0.025583,24.26405,21.91253,20.25404,19.36366,18.92046,1.268577,0.1050569,0.03519658,0.02303601,0.05769446
1237662473690939760,236.41347,36.29289,0.2648836,3.991713E-05,0.285046,0.021515,22.3401,19.86578,18.30317,17.73831,17.3659,0.4137174,0.02368796,0.009839958,0.008542416,0.02064507
1237662473690939856,236.38335,36.318854,0.4999103,7.224796E-05,0.536698,0.048562,23.69574,22.61555,21.0523,20.08418,19.72847,0.8555457,0.1633942,0.05870123,0.03529546,0.09941772
1237662473690939856,236.38335,36.318854,0.4997371,0.0001454063,0.536698,0.048562,23.69574,22.61555,21.0523,20.08418,19.72847,0.8555457,0.1633942,0.05870123,0.03529546,0.09941772
1237662473690939978,236.20932,36.243405,0,0,0.472525,0.020416,25.56429,21.29117,19.5207,18.68055,18.15606,1.256991,0.07805163,0.0248765,0.01716383,0.04033053
1237662473690940022,236.30473,36.326899,0.4548015,5.80819E-05,0.452504,0.039161,21.40713,20.50558,18.97264,18.21049,17.63588,0.2945276,0.06070253,0.0233092,0.01697973,0.03937518
1237662473690940022,236.30473,36.326899,0.4548158,6.950436E-05,0.452504,0.039161,21.40713,20.50558,18.97264,18.21049,17.63588,0.2945276,0.06070253,0.0233092,0.01697973,0.03937518
1237662473690940165,236.33093,36.29619,0.6025342,0.0003904981,0.557035,0.02704,24.41326,22.49593,20.71071,19.68447,19.08947,1.379024,0.1809519,0.05435571,0.03099317,0.07156304
1237662473690940165,236.33093,36.29619,0.6023948,0.0001973977,0.557035,0.02704,24.41326,22.49593,20.71071,19.68447,19.08947,1.379024,0.1809519,0.05435571,0.03099317,0.07156304
1237662473690940171,236.27802,36.232757,0.7089778,0.0001464432,0.755801,0.042706,23.29333,23.26206,21.06827,19.6685,19.00643,0.8031548,0.3679767,0.07665232,0.03200305,0.06902561
1237662473690940171,236.27802,36.232757,0.7089439,0.0002257995,0.755801,0.042706,23.29333,23.26206,21.06827,19.6685,19.00643,0.8031548,0.3679767,0.07665232,0.03200305,0.06902561
1237662473690940300,236.42551,36.336642,0.5721517,0.0002033313,0.556405,0.032368,25.78075,22.09867,20.43536,19.38456,18.75275,1.102852,0.1623461,0.05366727,0.03027541,0.06761587
1237662473690940319,236.37562,36.267168,0.4880612,0.0001425901,0.497971,0.029421,25.84733,21.77146,20.10586,19.21814,18.67618,0.9449685,0.1100046,0.03660988,0.02391374,0.05674067
1237662473690940640,236.43976,36.321854,0.5748649,0.0001640488,0.651153,0.028429,25.50858,22.61466,20.53027,19.23398,18.67345,1.204881,0.2327835,0.05308576,0.02468826,0.0573593
1237662473691004997,236.511,36.230271,0.4889358,9.993666E-05,0.494718,0.022069,23.04492,21.73843,20.02633,19.13641,18.63211,0.6268209,0.0929845,0.0302038,0.01963071,0.04579585
1237662473691005249,236.461,36.078052,0.3343065,5.398036E-05,0.336807,0.02155,22.37127,20.53617,18.83972,18.24245,17.8535,0.4164462,0.03978991,0.01415836,0.01166665,0.0289722
1237662473691005273,236.46382,36.18108,0.6466936,0.0001386893,0.490201,0.065885,23.13017,21.52435,20.11692,19.31002,19.00154,0.5840064,0.06974307,0.02931279,0.02013604,0.05591715
1237662473691005273,236.46382,36.18108,0.6466264,0.0001984399,0.490201,0.065885,23.13017,21.52435,20.11692,19.31002,19.00154,0.5840064,0.06974307,0.02931279,0.02013604,0.05591715
1237662473691005392,236.43652,36.263806,0.4868269,0.0001406256,0.483726,0.024182,26.63906,21.67999,19.88564,19.00737,18.49609,0.52225,0.1101398,0.03273483,0.02141871,0.05110165
1237662473691005392,236.43652,36.263806,0.4869239,0.0001280936,0.483726,0.024182,26.63906,21.67999,19.88564,19.00737,18.49609,0.52225,0.1101398,0.03273483,0.02141871,0.05110165
1237662473691005445,236.40433,36.202257,0.6143585,0.0001157972,0.605343,0.035787,22.54749,21.9981,20.00711,18.87694,18.21494,0.6083512,0.1731252,0.04252521,0.02240612,0.04740195
1237662473691005445,236.40433,36.202257,0.6145902,0.0001632091,0.605343,0.035787,22.54749,21.9981,20.00711,18.87694,18.21494,0.6083512,0.1731252,0.04252521,0.02240612,0.04740195
1237662473691005455,236.49501,36.296746,0.4755173,0.0001526388,0.483466,0.031801,24.32562,22.43701,20.70632,19.85405,19.30766,1.291132,0.1696281,0.05164143,0.03376642,0.0799781
1237662473691005706,236.57861,36.202574,0.6425741,0.0001196516,0.586451,0.047072,24.50626,22.07925,20.76707,19.66995,19.16884,1.152917,0.1057481,0.04694859,0.02527827,0.05992254
1237662473691070881,236.48567,36.077297,0.333205,0.0001160394,0.351022,0.022432,23.23435,20.97794,19.1251,18.52757,18.14727,1.196387,0.07660133,0.02225179,0.01835417,0.04922888
1237662473691071237,236.74435,36.149722,0.6450074,0.0002124099,0.651987,0.028153,26.49451,24.24714,21.27916,20.0407,19.50903,0.4833333,0.7639423,0.08846075,0.04223731,0.1036818
1237662473691071377,236.6572,36.208622,0.7489709,0.0001808888,0.886877,0.052942,23.08114,23.76264,21.85771,20.35628,19.58299,0.5460047,0.4411568,0.1193472,0.04419199,0.08762934
1237662473691136090,236.85522,36.073077,0.4532168,0.0001064967,0.350583,0.15199,23.86803,21.02703,20.06669,19.33977,18.96259,1.72821,0.08189034,0.04830065,0.03536009,0.09733162
1237662473691136211,236.83977,36.102243,0.4570682,0.0001126547,0.498575,0.022872,24.48199,21.19479,19.63602,18.72192,18.25103,2.03781,0.08042382,0.02972814,0.0194932,0.04854186
1237662473691136211,236.83977,36.102243,0.4570986,9.583445E-05,0.498575,0.022872,24.48199,21.19479,19.63602,18.72192,18.25103,2.03781,0.08042382,0.02972814,0.0194932,0.04854186
1237662473691136313,236.80857,36.059872,0.3166954,6.429562E-05,0.369251,0.023364,23.58652,20.93327,19.1775,18.53398,18.08049,0.9573494,0.04731363,0.01597243,0.01313959,0.03141361
1237661465449267238,235.67659,35.636593,0.2013752,5.332152E-05,0.210525,0.01664,22.2382,19.98076,18.67133,18.18942,17.84958,0.3349407,0.0230696,0.01190627,0.01192816,0.02596686
1237661465449267433,235.649,35.640409,0.1984531,4.115927E-05,0.200594,0.010443,21.4139,19.12927,17.81867,17.30839,16.96415,0.1995849,0.0147218,0.007847421,0.007727088,0.01610262
1237661465449267484,235.70094,35.605603,0.1956269,5.855824E-05,0.18249,0.009486,20.74413,18.48787,17.22354,16.73206,16.36857,0.2057634,0.01428612,0.007650706,0.007688521,0.01668619
1237661465449267485,235.70382,35.608454,0.1979485,3.987461E-05,0.195561,0.014716,21.58716,19.38578,18.09699,17.61585,17.27048,0.2433047,0.01805569,0.009539898,0.009563765,0.02055442
1237661465449267541,235.7401,35.589899,0.1957338,3.922312E-05,0.190262,0.008935,21.30583,19.05774,17.77767,17.28276,16.918,0.2277688,0.01639462,0.008728775,0.008695057,0.01857597
1237661465449267603,235.71753,35.651114,0.1966155,6.238038E-05,0.239531,0.044088,22.12393,20.68608,19.46278,18.97331,18.62848,0.2181138,0.03072774,0.01687828,0.01657462,0.03623809
1237661465449268102,235.65622,35.600143,0.7794426,0.0002005677,0.604068,0.059726,24.64151,22.96599,21.68109,20.63029,19.90399,0.9803114,0.1910436,0.09540021,0.05879222,0.1011487
1237661465449268622,235.63314,35.61078,0,0,0.745872,0.059772,23.57927,23.75962,21.89103,20.61984,19.63058,1.010861,0.5545301,0.1723627,0.0873027,0.1200572
1237661465449333201,235.78387,35.609974,0.4271725,0.0001117998,0.433409,0.026709,23.32897,20.73442,19.02485,18.25196,17.80992,1.030323,0.05081344,0.01817689,0.0147655,0.031107
1237661465986073616,235.89978,36.042615,0.5362765,0.0001406267,0.588292,0.037347,25.38717,23.30583,21.54881,20.49435,19.83897,0.8369285,0.2319347,0.07835857,0.04785167,0.09349503
1237661465986138491,235.90937,36.018817,0.3123679,6.922722E-05,0.313882,0.029858,23.37021,20.82283,19.24791,18.61683,18.35607,0.8494943,0.03907769,0.01653751,0.0145857,0.03700157
1237661465986139009,235.90602,35.859973,0.7379344,0.0002129539,0.79995,0.038895,23.62245,24.12444,21.41297,20.11491,19.43558,1.29388,0.7542986,0.1190063,0.05730578,0.1134034
1237661465986204772,235.99653,35.808416,0.6106216,0.0002060441,0.6214,0.040772,25.89666,23.22655,21.69124,20.49472,19.84564,0.5953794,0.218693,0.08781561,0.04688824,0.09314582
1237661465986270759,236.17789,35.799302,0.6413734,0.0001223405,0.726681,0.072505,24.44662,23.28213,22.05695,20.64486,19.86134,1.790983,0.3858399,0.2037268,0.09327994,0.1683539
1237661465986335507,236.26297,35.6247,0.5742329,0.0002375617,0.569608,0.037861,24.18081,23.3887,21.54954,20.51392,19.81988,1.392773,0.3597355,0.1094191,0.0678957,0.134449
1237661465986336278,236.49253,35.73713,0.5404823,0.0002279702,0.580175,0.042721,24.60283,22.94334,21.4534,20.38037,19.71833,1.375216,0.2113443,0.09035059,0.05439718,0.1087779
1237661465986336309,236.44878,35.648148,0.6972414,0.0002365478,0.774,0.049914,23.91438,23.39747,21.65379,20.27278,19.59922,1.474776,0.4259825,0.1423005,0.06569806,0.1305438
1237662337863451880,235.65258,35.937623,1.306799,0.0002669429,-9999,-9999,26.49377,24.64623,22.26263,20.88307,19.88609,0.6961457,1.138963,0.2968009,0.1425946,0.2234145
1237662337863516296,235.68945,35.81885,0.07753019,1.042467E-05,0.092253,0.019962,19.13937,17.89453,17.3155,16.9274,16.73469,0.03477218,0.006197316,0.005523512,0.006017093,0.01558783
1237662337863516355,235.75324,35.804855,0.1153564,1.113153E-05,0.132024,0.025968,19.46004,17.95091,17.09636,16.59714,16.36091,0.05263337,0.007369303,0.005563899,0.005642112,0.01364643
1237662337863581872,235.80288,35.648171,0.4320888,0.0001134775,0.458575,0.021699,23.56792,21.2279,19.44418,18.59441,18.27704,1.430163,0.07886919,0.02614927,0.02047918,0.05585808
1237662337863581925,235.74054,35.712043,0.3038737,6.692681E-05,0.302194,0.014784,21.7847,19.99558,18.35561,17.77382,17.408,0.3052112,0.0267486,0.01101606,0.0106097,0.02582558
1237662337863581981,235.86398,35.713728,0.3258491,8.447682E-05,0.370056,0.023271,22.43188,20.69754,18.80432,18.15259,17.75303,0.5281287,0.04600474,0.01472087,0.01365027,0.03292271
1237662337863582025,235.85176,35.664485,0.4290617,0.0001032015,0.398435,0.023558,23.37945,20.60338,18.78553,18.0786,17.65811,1.289364,0.04735958,0.01589266,0.01410238,0.03391403
1237662337863647509,235.95322,35.634052,0.04851187,1.117226E-05,0.044203,0.01125,18.61084,17.50902,17.10076,16.83978,16.66014,0.04280058,0.007448974,0.007666554,0.009979218,0.02977353
1237662337863647658,235.91333,35.602729,0.3225504,0.0001032336,0.318854,0.019508,22.70575,19.56979,17.85433,17.27103,16.88774,0.8998562,0.0239915,0.009296069,0.008916236,0.02092078
1237662337863648401,236.10209,35.663754,0.6919302,0.0001809404,0.754811,0.059137,24.74281,24.2284,21.91767,20.59092,19.8339,1.253396,0.5510735,0.1244695,0.06508292,0.1212827
1237662337863713952,236.16028,35.609192,0.712498,0.0002254684,0.883062,0.055524,23.29146,23.42261,21.52397,20.36954,19.32583,1.108704,0.5027439,0.1416767,0.08880423,0.1285887
1237662473154003523,235.90816,36.137295,0.5364394,0.0001542164,0.482146,0.033364,23.72812,22.46406,20.71501,19.8609,19.44992,1.002501,0.1632853,0.05233869,0.03369649,0.08068185
1237662473154004020,235.94709,36.08958,0.7086541,0.0002230319,0.745896,0.042589,24.11766,24.36398,21.76606,20.52752,19.88105,1.002195,0.5797678,0.1055722,0.04821279,0.09608427
1237662473154135224,236.19322,35.928617,0.9199323,0.0003370821,-9999,-9999,27.21006,24.79224,22.21144,20.33377,19.25283,0.5297434,1.947964,0.399758,0.1070216,0.1452291
1237662473154200663,236.32947,35.882253,0.7125654,0.0003058478,0.759541,0.059314,23.80577,23.61067,21.72747,20.4884,19.62992,1.386657,0.5788997,0.1534645,0.07343505,0.1206765
1237662473690743517,235.95351,36.585264,0.7351413,0.0002706951,0.736528,0.063307,25.71497,23.60948,22.04669,20.61586,19.92358,0.8507771,0.4368397,0.1635129,0.06303306,0.1281457
1237662473690809119,235.98914,36.504567,1.530724,4.370759E-05,0.587629,0.06479,24.58632,23.0649,21.77084,20.75945,19.92884,1.693147,0.3502441,0.1638424,0.08846458,0.165813
1237662473690874406,236.15221,36.441416,1.039819,0.0002913013,0.876084,0.054871,22.79942,23.96426,21.84101,20.40042,19.62147,0.5261362,0.6205869,0.1564035,0.05766625,0.1131023
1237662473690874740,236.22808,36.353242,0.7061992,0.0002433991,0.649423,0.041713,26.2371,24.07477,21.51445,20.40038,19.66213,0.5218788,0.5642349,0.09829834,0.04977454,0.09944674
1237662473690875020,236.17,36.290598,0.6181218,0.000170429,0.600705,0.037232,23.97244,23.1871,21.4673,20.36502,19.71171,0.9764131,0.2575531,0.08741411,0.04514625,0.09665763
1237662473691005801,236.43576,36.223797,0.6974742,0.0001933891,0.600244,0.048401,22.84586,22.79951,21.2006,20.11284,19.42019,0.5754776,0.2564967,0.08785369,0.04630066,0.09685189
1237662473691005995,236.47665,36.259358,0.8801777,0.0002094808,0.708799,0.058054,25.93631,23.06333,21.68759,20.13692,19.02578,1.54118,0.5962311,0.2508797,0.08612963,0.1296866
1237662473691071368,236.62592,36.188049,0.7481127,0.0002097285,0.871368,0.053051,24.59822,24.00496,21.93703,20.71966,19.82798,1.141433,0.5002516,0.1228059,0.05697698,0.101941
1237662473691071377,236.6572,36.208615,0.7495178,0.0002276691,0.886877,0.052942,23.08114,23.76264,21.85771,20.35628,19.58299,0.5460047,0.4411568,0.1193472,0.04419199,0.08762934
1237662473691071514,236.7104,36.127266,0.694311,0.0002776804,0.833275,0.06851,23.44026,23.72667,22.01937,20.65806,19.92742,0.7977825,0.4696297,0.1529424,0.06476104,0.1351559
1237662473691136959,236.74808,36.076872,0.5725777,0.0002419384,0.601684,0.037649,25.52278,23.14074,21.65935,20.60989,19.87873,0.8562506,0.2574513,0.09998687,0.05634126,0.1157338
1237662474227811276,236.56397,36.598656,0.6315357,0.0001898145,0.586551,0.041345,23.17525,23.35224,21.69952,20.64824,19.96414,0.6027458,0.2901924,0.1010616,0.0560362,0.1332533
1237662474227876770,236.81554,36.612486,0.5733279,0.0001808659,0.541748,0.033936,26.7538,23.26925,21.30827,20.31746,19.60636,0.2825508,0.248689,0.0647307,0.03689112,0.08202042
1237662474227942300,236.82694,36.429726,0.7170054,0.0001306851,0.608913,0.040005,25.57921,23.50595,21.63043,20.52014,19.83122,0.9726445,0.3725986,0.105123,0.05495005,0.12986
1237662503218643809,235.76282,36.297715,0.868975,0.000268026,0.724939,0.051458,23.74134,24.33634,21.90141,20.85243,19.90958,1.14335,0.7642266,0.1529663,0.09590351,0.1527416
1237662503218643875,235.65327,36.393329,0.9516408,0.0002729986,0.69999,0.063537,21.73626,22.83162,21.50359,20.44832,19.79008,0.2653903,0.2899411,0.1273911,0.08231824,0.1651805
1237662503218643906,235.72863,36.440753,0.6273367,0.0002659293,0.692084,0.047194,23.68686,24.87601,21.91732,20.79736,19.88937,1.07955,0.9361776,0.1529329,0.09345759,0.1516077
1237662503218643923,235.74715,36.449482,0.630869,0.0001624628,0.619169,0.039575,25.65869,22.61887,21.18402,19.97346,19.33268,0.9384366,0.1815876,0.073232,0.04179137,0.08469933
1237662503218774050,236.02516,36.245785,0.2095908,5.459528E-05,0.234977,0.050853,23.89948,20.85744,19.59565,19.09784,18.81171,0.9530439,0.03651559,0.01826497,0.01762944,0.04493381
1237662503218774224,235.99893,36.155798,0.189142,2.686649E-05,0.184673,0.014716,20.96791,19.08959,17.88854,17.40289,17.09051,0.1506938,0.01413163,0.008043319,0.0078409,0.01831724
1237662473691136313,236.80857,36.059872,0.316622,6.98127E-05,0.369251,0.023364,23.58652,20.93327,19.1775,18.53398,18.08049,0.9573494,0.04731363,0.01597243,0.01313959,0.03141361
1237662473691136355,236.63803,35.971592,0.3357031,5.943739E-05,0.322543,0.019253,21.78388,20.25489,18.58451,17.97127,17.63066,0.3881246,0.0465069,0.01639294,0.01379133,0.03770333
1237662473691136447,236.72569,36.086035,0.5395196,0.0001447405,0.608348,0.046556,25.54843,22.92922,21.10334,19.92082,19.51598,0.7811753,0.2015695,0.05843134,0.02985883,0.07889169
1237662473691136638,236.69861,35.951823,0.5257349,0.0001280023,0.464551,0.035367,23.13647,22.30833,20.5327,19.72758,19.36779,0.5039577,0.1151392,0.03544932,0.02543169,0.06819819
1237662473691136859,236.75481,35.893577,0.5597165,0.000186947,0.572411,0.028408,24.86225,23.26111,20.63272,19.52407,18.94596,1.660802,0.4335413,0.06079447,0.03351564,0.07715708
1237662473691136866,236.76074,35.896243,0.4542424,9.574716E-05,0.469403,0.023563,23.81775,21.24249,19.54572,18.68474,18.32718,1.423313,0.0793711,0.02633351,0.01831116,0.04954456
1237662474227810645,236.69372,36.614591,0.2387732,4.218031E-05,0.246697,0.01476,22.06165,19.59714,18.12233,17.59787,17.21688,0.4176764,0.0212963,0.009666114,0.008515608,0.02275369
1237662474227810914,236.59613,36.60924,0.474444,0.0001060419,0.462814,0.027042,22.39668,21.59362,19.91506,19.11133,18.71021,0.4151436,0.083586,0.02902357,0.02039994,0.05859251
1237662474227811001,236.58485,36.554713,0.4080519,8.072268E-05,0.353569,0.031728,25.67492,20.79539,19.09609,18.46659,18.09505,1.436378,0.05617973,0.0195295,0.01585135,0.04632533
1237662474227811003,236.60076,36.570005,0.530622,0.0001156363,0.530788,0.044527,23.3789,22.33938,20.82653,19.87772,19.43782,0.7406823,0.1294523,0.04987165,0.03065856,0.08856313
1237662474227811215,236.69828,36.560623,0.4814427,0.0001224444,0.48521,0.036249,22.79343,21.45567,19.92821,19.09688,18.55086,0.7973886,0.1039516,0.03899217,0.02647782,0.06970855
1237662474227875907,236.77206,36.45703,0.5016028,0.0001405736,0.486072,0.045986,25.76938,23.10641,20.54271,19.60433,19.34967,1.293321,0.4226012,0.06298635,0.03799536,0.1293976
1237662474227876261,236.64351,36.486133,0.5478438,0.0001413737,0.500363,0.015974,23.22792,21.42282,19.56459,18.63658,18.13313,1.732289,0.1497888,0.0422558,0.02631861,0.07274435
1237662474227876298,236.77708,36.612729,0.5001773,0.0001398491,0.55124,0.046083,25.93191,22.21644,20.84522,19.85249,19.2909,0.862488,0.1416463,0.06151569,0.03557854,0.09208768
1237662503218643204,235.80139,36.410372,0.06492092,1.387741E-05,0.072955,0.009967,18.39829,16.50557,15.60601,15.18305,14.86555,0.02836823,0.003877864,0.003019078,0.003049731,0.005615537
1237662503218643923,235.74715,36.449482,0.6307262,0.0001648812,0.619169,0.039575,25.65869,22.61887,21.18402,19.97346,19.33268,0.9384366,0.1815876,0.073232,0.04179137,0.08469933
1237662503218774066,236.0179,36.210472,0.1960265,4.246224E-05,0.292597,0.032122,21.95741,20.27468,18.47591,17.9761,17.64679,0.2719118,0.02886442,0.009995104,0.009605103,0.02227233
1237662503218774639,235.89998,36.169797,0.7425376,0.000155271,0.623384,0.076485,26.24069,21.7713,20.84554,19.79608,19.61338,0.7911944,0.1159799,0.07618167,0.04721616,0.1479537
1237662503218839644,236.24598,36.109457,0.06629513,1.642901E-05,0.050252,0.010135,16.82002,14.60749,13.68645,13.25071,12.93105,0.02384557,0.002480741,0.00202094,0.002032066,0.003539442
1237662503218839754,236.08357,36.118488,0.06707363,1.195497E-05,0.07886,0.010964,18.87113,16.97415,16.0791,15.66963,15.3554,0.03117289,0.004378083,0.003400914,0.003410773,0.006251681
1237662503218839884,236.20272,36.101491,0.6327708,0.0001499027,0.551343,0.032081,22.78794,22.00717,20.36975,19.33414,18.80941,0.7769138,0.1648274,0.05516174,0.0350336,0.08162891
1237662503218839897,236.26457,36.167524,0.06498528,1.159256E-05,0.067111,0.009918,18.28561,16.43373,15.54927,15.14141,14.82909,0.02583941,0.003750404,0.002938378,0.002968107,0.005452076
1237662503218839897,236.26457,36.167524,0.06499956,1.319455E-05,0.067111,0.009918,18.28561,16.43373,15.54927,15.14141,14.82909,0.02583941,0.003750404,0.002938378,0.002968107,0.005452076
1237662503218839975,236.22997,36.067765,0.06104444,1.781441E-05,0.081423,0.01128,18.98085,17.08673,16.17537,15.75378,15.41459,0.04465113,0.005273559,0.003848207,0.003900874,0.007972937
1237662503218839975,236.22997,36.067765,0.0610057,1.586405E-05,0.081423,0.01128,18.98085,17.08673,16.17537,15.75378,15.41459,0.04465113,0.005273559,0.003848207,0.003900874,0.007972937
1237662503218970923,236.59179,35.966366,0.3103801,3.403318E-05,0.494097,0.027754,24.65266,22.06159,20.23372,19.34498,18.80282,1.903119,0.1564642,0.04637123,0.03254186,0.07253245
1237662503218970960,236.42599,35.854213,0.3182417,5.323913E-05,0.299596,0.01929,22.34075,19.97463,18.36688,17.80358,17.44054,0.5296866,0.02947869,0.01169429,0.01099207,0.02660029
1237662503218971164,236.38307,35.919639,0.6386718,0.0001400113,0.690771,0.036028,25.22028,24.547,21.25985,19.86445,19.33203,1.385368,0.8927863,0.09054048,0.0426866,0.09869712
1237662503219036362,236.6965,35.871439,0.2358404,3.688306E-05,0.229552,0.016067,22.64149,19.23735,17.83785,17.32545,16.97938,0.7375314,0.01747438,0.008440945,0.00816033,0.01911478
1237662503219101852,236.73941,35.715127,0.2883522,5.514207E-05,0.335076,0.025132,22.47304,20.48862,18.79982,18.18522,17.84505,0.549822,0.04198059,0.01504593,0.01346917,0.03354003
1237662503219102475,236.73904,35.691412,0.6059691,0.0001985369,0.545758,0.048915,23.88656,22.20183,20.79669,19.85717,19.38208,1.15555,0.1326427,0.055919,0.03814511,0.09060936
1237662503755579638,236.19469,36.6167,0.7406824,0.0001789956,0.769537,0.044067,23.8244,24.87509,21.56351,20.15137,19.56732,0.9217611,0.7603517,0.09663711,0.04243815,0.1000075
1237662503755580137,236.15545,36.553723,0.6304201,0.0001918823,0.627656,0.047593,24.1412,22.62569,21.17109,19.96551,19.39709,1.209283,0.1844949,0.07677604,0.04114286,0.0983661
1237662503755645582,236.38063,36.562552,0.6001263,6.747232E-05,0.530071,0.055726,22.12792,22.12951,20.69088,19.83315,19.49466,0.3486287,0.1534197,0.06459272,0.04571527,0.1443297
1237662503755645639,236.33627,36.486869,0.529925,0.000187566,0.538929,0.029038,24.34438,21.90976,20.29683,19.25554,18.80501,1.832701,0.1387597,0.04971509,0.03028469,0.08084212
1237662503755645639,236.33627,36.486869,0.5296106,0.000155682,0.538929,0.029038,24.34438,21.90976,20.29683,19.25554,18.80501,1.832701,0.1387597,0.04971509,0.03028469,0.08084212
1237662503755711088,236.51935,36.546566,0.5798176,0.0002227055,0.568926,0.031467,25.977,22.68568,20.99637,19.91638,19.3017,0.6885202,0.1910076,0.06336706,0.03674489,0.08529484
1237662503755711147,236.39384,36.380113,0.5482815,0.0001379197,0.516778,0.057956,22.27643,22.04512,20.60556,19.79247,19.3583,0.331964,0.1210923,0.05032277,0.03732248,0.1016965
1237662503755711147,236.39384,36.380113,0.548181,0.0002618442,0.516778,0.057956,22.27643,22.04512,20.60556,19.79247,19.3583,0.331964,0.1210923,0.05032277,0.03732248,0.1016965
1237662503755711320,236.57463,36.423673,0.6350582,0.000190843,0.572826,0.034366,22.72631,21.94099,20.31678,19.20086,18.68169,0.9328863,0.2086671,0.07216542,0.04058173,0.1070754
1237662503755776563,236.59677,36.404626,0.4642003,0.0001151072,0.493298,0.027637,25.8359,21.8158,20.18515,19.31556,18.71856,0.8980417,0.1046853,0.03761026,0.02660609,0.06227737
1237662503755776626,236.55593,36.315261,0.5728639,0.0001443639,0.576784,0.046813,25.17012,21.28323,20.11867,19.06467,18.63274,2.019838,0.09537942,0.05096978,0.03140217,0.08653465
1237662503755776858,236.66848,36.275706,0.5026852,0.0001420748,0.479335,0.052746,22.91681,21.85783,20.34568,19.57177,19.00194,0.6670184,0.1158888,0.04681421,0.03638733,0.09006137
1237662503755776974,236.70024,36.349096,0.7431848,0.0001463212,0.586182,0.036964,25.27839,23.23852,21.15668,19.97113,19.40541,0.9597578,0.2592812,0.06468156,0.03510851,0.08511597
1237662503755841625,236.68878,36.205488,0.5110137,0.0001548531,0.50347,0.09242,22.91296,22.07072,20.64805,19.69684,19.86272,0.775946,0.1645321,0.07055118,0.04638112,0.2314874
1237662503755842033,236.69497,36.273215,0.3701702,7.582513E-05,0.353516,0.022504,24.79884,21.38984,19.409,18.8574,18.44774,1.399217,0.06600538,0.01893126,0.01721937,0.04658851
1237662503755842326,236.7901,36.223828,0.568126,0.0001927563,0.570591,0.061451,22.36711,21.85161,20.71569,19.88261,19.73379,0.430079,0.1184089,0.06465182,0.04627894,0.176468
1237662503755842424,236.76983,36.157922,0.5719345,0.000149981,0.54345,0.030014,25.191,22.26865,20.52946,19.52702,18.89672,1.217048,0.1414561,0.04665376,0.02925274,0.06887187
1237662503755842482,236.86368,36.247342,0.5274221,0.0001438652,0.531298,0.021372,22.3419,21.30198,19.53644,18.4964,18.03464,0.6968182,0.1221546,0.03792406,0.02307177,0.06360298
1237662503755907243,236.86318,36.16286,0.5283445,0.0001383763,0.555146,0.045859,23.27947,21.77493,20.39236,19.38621,18.93057,0.7329209,0.08826759,0.04016272,0.02490542,0.06693301
1237662503755907422,236.84651,36.171221,0.4526834,0.0001229493,0.393281,0.036666,25.15474,21.65124,19.46449,18.7539,18.41834,2.358038,0.1531986,0.03391707,0.02706961,0.08331995
1237662503218774239,236.05297,36.203226,0.1956177,3.798839E-05,0.198238,0.010846,21.54743,19.28581,17.98808,17.47932,17.10336,0.2613643,0.01737031,0.008966723,0.008634984,0.01980636
1237662503218774349,236.02927,36.219218,0.1966647,3.786306E-05,0.19681,0.020744,22.01119,19.96421,18.73205,18.25939,17.90375,0.2969025,0.02335419,0.0123672,0.0121996,0.02909851
1237662503218774368,236.05532,36.22389,0.1947116,6.443341E-05,0.229534,0.047657,21.75499,20.1811,18.96123,18.51391,18.17948,0.2421835,0.02786582,0.01444721,0.01488533,0.03775299
1237662503218774394,236.07688,36.223197,0.1928972,3.973373E-05,0.217309,0.023432,22.13913,20.16636,18.88693,18.39212,18.0254,0.2573335,0.02216897,0.0115647,0.01114849,0.02517653
1237662503218774493,236.02067,36.1779,0.1883767,5.720818E-05,0.217686,0.037502,22.76203,20.72002,19.50044,19.01365,18.73617,0.4839237,0.03623239,0.01863346,0.01827355,0.048113
1237662503218775367,236.08042,36.165428,0.8278295,0.0002757685,0.816569,0.060819,24.88968,23.67538,21.91033,20.67491,19.78884,1.207321,0.4022143,0.1242767,0.06490813,0.1085985
1237662503218840723,236.20055,36.196964,0.6216184,0.0002488728,0.594064,0.035327,26.90567,23.59852,21.76822,20.64586,19.92086,0.3370673,0.4293922,0.1243486,0.07189973,0.1414199
1237662503218905827,236.2705,35.976363,0.5992774,0.0002676686,0.579727,0.047367,25.20184,23.01159,21.513,20.451,19.78578,0.9771444,0.2098549,0.08091246,0.04932941,0.1024421
1237662503218906271,236.41856,36.050172,0.8796253,0.0002161038,0.597582,0.061823,25.04282,23.45712,22.08495,20.65607,19.69209,1.226976,0.3522451,0.1627445,0.06928807,0.1116911
1237662503218971602,236.48554,36.019148,0.5732791,0.0001934123,0.582626,0.037012,23.47965,22.97431,21.14212,20.08253,19.44293,0.9261343,0.2633412,0.07708472,0.04769918,0.1018101
1237662503218971635,236.46351,35.956131,0.6384003,0.0002120061,0.704266,0.046519,25.16542,23.25148,21.39155,20.08885,19.42573,1.875105,0.4680587,0.1300865,0.06676221,0.141164
1237662503218971682,236.4477,35.878366,0.6463417,0.0001633286,0.608083,0.034799,25.07499,22.98424,21.23999,20.06114,19.36852,1.372362,0.2676148,0.08447527,0.04756001,0.09566619
1237662503219037191,236.51546,35.822284,0.7677825,0.0003108877,0.593623,0.040388,25.60014,22.94674,21.45551,20.3761,19.69107,1.331832,0.3268778,0.1279827,0.07687006,0.156824
1237662503219103022,236.77887,35.666028,0.9480837,0.0002777083,0.90579,0.093403,22.97566,23.15042,22.22094,20.71427,19.78946,0.7342655,0.3702251,0.239378,0.1039772,0.161052
1237662503755646011,236.26182,36.526017,0.8326416,0.0002941628,0.779365,0.057814,25.9153,25.09084,22.28704,20.86752,19.94583,0.7145474,0.8659297,0.1960113,0.08433554,0.1493662
1237662503755711430,236.41127,36.389094,0.6110491,0.0002123397,0.745403,0.070103,23.83682,23.92163,22.33759,20.76638,19.8811,0.9954209,0.520013,0.1997927,0.07474468,0.1393891
1237662503755776887,236.49377,36.316184,0.5896211,0.0001941871,0.658274,0.072989,24.03092,22.96983,21.74899,20.61312,19.96598,1.00136,0.2195415,0.1109658,0.06249873,0.142948
1237662503755776922,236.55561,36.29954,0.5728036,0.0002006308,0.662022,0.043478,22.90307,23.49869,21.64926,20.57651,19.80002,0.4221413,0.2990965,0.09266462,0.05488446,0.1111806
1237662503755842619,236.68508,36.214617,0.7495736,0.0002278389,0.657286,0.049614,23.66174,23.18769,21.23962,20.08937,19.38317,1.402874,0.442154,0.1200095,0.06613784,0.1498187
1237662503218905395,236.35446,36.020179,0.06644917,1.785214E-05,0.078747,0.009271,19.42461,17.41317,16.50831,16.09005,15.74859,0.03794178,0.004973265,0.003829112,0.003821983,0.006909614
1237662503218905467,236.35124,36.038492,0.3236518,7.092457E-05,0.319535,0.019262,23.56291,20.15879,18.48845,17.89819,17.52833,1.302983,0.03117454,0.01184852,0.01088611,0.02612047
1237662503218905771,236.35028,36.085205,0.3238672,0.000187327,0.37164,0.027556,25.59329,20.41934,18.65292,17.98633,17.60464,3.038508,0.0799813,0.02516307,0.02203092,0.05791957
1237662503218970628,236.4412,36.028097,0.01141854,7.52453E-06,0.027495,0.009816,17.51097,16.49517,16.14774,15.93395,15.88657,0.02074514,0.00457128,0.004834446,0.005353606,0.01655675
1237662503218970770,236.40135,35.955989,0.07867921,2.206511E-05,0.093532,0.01021,19.58854,17.67206,16.73259,16.30012,15.952,0.05121722,0.006109661,0.004409567,0.004398541,0.008815845
1237662503218970824,236.45295,35.954416,0.06595679,2.169607E-05,0.081647,0.011663,19.50337,17.58242,16.6716,16.24439,15.8995,0.04463958,0.005640999,0.004197531,0.004177768,0.008099535
1237662503218970846,236.44992,35.928752,0.06386434,2.989476E-05,0.100726,0.023448,20.22832,18.62437,17.78091,17.39522,17.09109,0.071983,0.009365588,0.006827744,0.007089414,0.01705889
1237662503218970884,236.51519,35.948939,0.06718121,1.933175E-05,0.075253,0.009824,19.42029,17.46778,16.57947,16.17161,15.85515,0.04489303,0.005456069,0.004125343,0.004154198,0.008306077
1237662503218970892,236.46318,35.880783,0.07023548,1.267417E-05,0.06285,0.021493,19.31229,18.07819,17.6054,17.31839,17.15875,0.05303659,0.008706639,0.008260409,0.00961234,0.02858272
1237662503218970909,236.47275,35.867583,0.06982754,1.756805E-05,0.07556,0.010111,19.24836,17.31331,16.42398,16.00527,15.684,0.03555807,0.004838594,0.003773205,0.003741388,0.006834168
1237662503218970922,236.59008,35.966523,0.07832785,7.991062E-06,0.091102,0.017631,19.02189,17.71899,17.11019,16.7149,16.54061,0.04202878,0.007090305,0.006118589,0.006420288,0.01746642
1237662503218970956,236.53385,35.987147,0.2662972,5.936654E-05,0.248124,0.015273,22.33048,19.42475,17.96497,17.42284,17.06022,0.5338286,0.01911622,0.008867639,0.008420589,0.01968078
1237662503219036273,236.59724,35.946224,0.06700317,2.748588E-05,0.078654,0.013612,20.42594,18.57905,17.73437,17.34756,17.04147,0.07957456,0.008814215,0.006449648,0.00666447,0.01530767
1237662503219036282,236.48842,35.799984,0.1526896,2.234821E-05,0.156305,0.021467,19.83592,18.40788,17.55716,17.13193,16.86378,0.07597525,0.01092329,0.00783772,0.008070767,0.02042638
1237662503219036289,236.62189,35.936266,0.0642834,2.206285E-05,0.090544,0.011046,19.95398,17.97744,17.04777,16.63157,16.30204,0.05426811,0.006427807,0.004730416,0.004734023,0.009180264
1237662503219036303,236.61057,35.901087,0.06789454,2.701999E-05,0.07925,0.015373,19.99746,18.30779,17.46398,17.06604,16.78583,0.06075171,0.008040143,0.005946569,0.006065645,0.013491
1237662503219036313,236.57582,35.837733,0.124418,2.555743E-05,0.126812,0.013736,19.63535,17.96878,16.98593,16.57436,16.21916,0.05953475,0.00774518,0.00529096,0.005354929,0.01157149
1237662503219036375,236.63885,35.784724,0.06543288,1.815557E-05,0.060178,0.009753,18.38056,16.48376,15.6233,15.2185,14.90799,0.02983784,0.00397787,0.003100194,0.003125018,0.006040259
1237662503219036388,236.65884,35.783759,0.07918843,2.420631E-05,0.074133,0.008338,19.46762,17.57479,16.69024,16.27843,15.94812,0.05405015,0.006247258,0.004584489,0.004654756,0.009825148
1237662503219036446,236.61454,35.767434,0.2882544,8.358068E-05,0.287163,0.020075,23.14534,19.92433,18.33801,17.77117,17.42045,0.9969422,0.02695828,0.01104466,0.01027687,0.02449165
1237662503219101810,236.73854,35.800011,0.2382142,4.610244E-05,0.230114,0.010042,21.03304,18.55055,17.10763,16.58612,16.24495,0.2425698,0.01335532,0.006353003,0.006113911,0.01401689
1237662503219101868,236.75801,35.711209,0.1160872,3.298035E-05,0.116259,0.010876,19.8527,17.85503,16.86779,16.46314,16.12083,0.08279521,0.008022003,0.005372869,0.005482072,0.01222966
1237662503219101889,236.73812,35.655125,0.07957052,3.453449E-05,0.079495,0.012323,20.00639,18.07349,17.18156,16.74901,16.38845,0.08253773,0.008026892,0.0056597,0.005748393,0.01314751
1237662503219101904,236.76319,35.650076,0.08079743,2.543156E-05,0.086888,0.009678,19.8461,17.74675,16.82146,16.39217,16.07013,0.06553463,0.006573288,0.0046944,0.004692827,0.009714356
1237662503219101967,236.79615,35.734476,0.3084594,7.193466E-05,0.296873,0.019724,22.62198,19.97171,18.33886,17.79153,17.38151,0.6954334,0.03072266,0.01173796,0.01103659,0.02579345
1237662503219167360,236.79683,35.660555,0.08067437,3.471698E-05,0.093108,0.011846,20.35328,18.45191,17.54101,17.12402,16.78451,0.07261217,0.008306659,0.00594354,0.005985302,0.01243068
1237662503755776275,236.55311,36.30632,0.06612772,5.196123E-05,0.109742,0.029512,20.31161,18.6238,17.80906,17.45514,17.2219,0.09879882,0.01114955,0.008240044,0.008871622,0.02724173
1237662503755776298,236.58447,36.317391,0.06713919,3.280479E-05,0.078811,0.018122,20.33805,18.52484,17.70253,17.30153,17.03312,0.07574853,0.009046269,0.006745314,0.006807776,0.01756363
1237662503755841761,236.7253,36.269435,0.1156571,1.32699E-05,0.111416,0.022657,19.84232,18.15029,17.21433,16.71458,16.35238,0.06399041,0.008078169,0.005542812,0.005265101,0.01281687
1237662503755907130,236.86504,36.109698,0.07912666,3.184525E-05,0.094226,0.014326,20.04441,18.24721,17.3527,16.96154,16.65071,0.06226877,0.007834393,0.005697336,0.005744117,0.01372516
1237662503755907190,236.80718,36.161382,0.06819547,2.559021E-05,0.084282,0.024365,20.42456,18.48125,17.68561,17.32839,17.06452,0.07121629,0.008156006,0.006267161,0.006368024,0.01585314
1237661465986138322,235.84612,35.87935,0.1242968,2.805301E-05,0.106322,0.024079,20.1569,18.54398,17.68335,17.25639,16.92531,0.08563688,0.009686234,0.007139499,0.007242825,0.0172925
1237661465986138337,235.84402,35.851506,0.1239637,3.268459E-05,0.125943,0.008221,19.42358,17.5231,16.45704,16.00869,15.64297,0.05548502,0.006014036,0.004159344,0.004147524,0.008161294
1237661465986138354,235.94979,35.964848,0.06817628,7.009637E-06,0.078443,0.014921,18.46125,17.37305,16.93285,16.60268,16.4768,0.02312637,0.004891755,0.004646035,0.004951764,0.01247738
1237661465986138375,235.89382,35.877684,0.06909885,1.141239E-05,0.072574,0.013484,18.54424,17.12844,16.46092,16.07215,15.81006,0.04225487,0.005919843,0.005007028,0.005182118,0.01275194
1237661465986138388,235.86986,35.835046,0.1754389,4.696773E-05,0.176615,0.009541,21.48928,19.10294,17.87621,17.40125,17.07583,0.2210395,0.01324931,0.00775412,0.007577544,0.01689468
1237661465986138407,235.88859,35.844134,0.1773024,2.667424E-05,0.152849,0.023587,19.89061,18.4861,17.57918,17.06759,16.73317,0.07637256,0.01050743,0.007577137,0.007252669,0.0166352
1237661465986138455,235.9846,35.897812,0.06657394,2.09434E-05,0.067037,0.012537,19.43242,17.55526,16.71503,16.32923,16.03789,0.0525539,0.005949852,0.00461461,0.004743673,0.01009233
1237661465986138500,235.90709,36.01439,0.4303167,5.577135E-05,0.331856,0.066036,21.90954,20.73635,19.52877,19.04634,18.60455,0.2096671,0.03117269,0.01745957,0.01721285,0.08335537
1237661465986203733,236.04667,35.737753,0.07810379,2.986704E-05,0.102206,0.016127,20.20416,18.47984,17.57099,17.19493,16.84823,0.06294493,0.008114614,0.02104589,0.0209086,0.0126278
1237661465986203784,236.06752,35.897172,0.06413121,1.925396E-05,0.059446,0.011078,18.58741,16.7613,15.91431,15.49804,15.21358,0.03850608,0.004595869,0.003605913,0.003655782,0.007647151
1237661465986269190,236.22492,35.850149,0.1726639,4.090045E-05,0.1679,0.012238,20.77284,18.72802,17.574,17.10238,16.80115,0.1256573,0.01065374,0.006603657,0.006497147,0.01449869
1237661465986269430,236.30838,35.770892,0.07948228,2.638197E-05,0.077008,0.01313,19.2391,17.27241,16.30301,15.81669,15.4399,0.05270856,0.00549276,0.004042861,0.003974472,0.007761423
1237661465986269441,236.32692,35.785758,0.07919057,1.12743E-05,0.079095,0.024301,19.58696,17.99157,17.22757,16.8256,16.53044,0.05087512,0.006984705,0.005611869,0.005742038,0.01257184
1237661465986269454,236.36339,35.81127,0.06633139,1.833536E-05,0.071148,0.010238,19.73333,17.78018,16.90114,16.48983,16.19213,0.0522168,0.006024381,0.004656411,0.004676451,0.009416813
1237661465986269466,236.34017,35.770615,0.1501494,2.714855E-05,0.133863,0.011455,19.77667,17.96313,16.89036,16.42309,16.05398,0.07028015,0.007658756,0.005123383,0.005077664,0.01049067
1237661465986269492,236.24326,35.63682,0.1431992,6.787557E-06,0.124453,0.028142,19.5213,18.31893,17.64576,17.17011,16.98564,0.0433877,0.007831087,0.006553497,0.006405439,0.01595688
1237661465986334999,236.30957,35.697832,0.06927066,1.543355E-05,0.06454,0.008639,18.01606,16.09929,15.19774,14.76894,14.46323,0.02608636,0.003347415,0.002691099,0.00269786,0.004950378
1237661465986335012,236.35125,35.738519,0.14978,3.189555E-05,0.128933,0.018963,20.26546,18.56832,17.59341,17.11842,16.77114,0.09559315,0.01000124,0.00692115,0.006863001,0.01588249
1237661465986335017,236.32719,35.705584,0.068699,3.868832E-05,0.078916,0.027314,19.93688,18.34003,17.57023,17.19903,16.89187,0.09408782,0.01010032,0.007976604,0.008585581,0.02190016
1237661465986335182,236.37149,35.601493,0.2339638,3.471199E-05,0.201136,0.018071,20.92027,18.90612,17.68422,17.23532,16.93357,0.1270742,0.0110832,0.006660329,0.006598145,0.01455627
1237662337863516245,235.65716,35.904937,0.1517288,3.206203E-05,0.166581,0.020293,20.01286,18.50031,17.49382,17.02789,16.67902,0.08048815,0.01034577,0.007090174,0.007374841,0.01723311
1237662337863516277,235.67094,35.869136,0.06676001,2.258672E-05,0.078973,0.020695,20.00423,18.36933,17.54861,17.15652,16.85128,0.05804348,0.007489166,0.005821928,0.006255324,0.01453134
1237662337863516294,235.73123,35.880433,-1.170355E-05,1.507517E-05,0.32399,0.140022,21.42916,19.07418,17.6741,16.76468,16.25688,0.124652,0.009525298,0.005626327,0.004697266,0.007752447
1237662337863516349,235.75116,35.822882,0.1954237,4.868317E-05,0.20294,0.009934,20.99306,18.99564,17.6686,17.17059,16.80667,0.1469306,0.0123185,0.006857499,0.006933583,0.01552554
1237662337863581779,235.79899,35.815163,0.06483317,6.962719E-06,0.065735,0.018371,19.14913,18.10781,17.77098,17.50422,17.38186,0.03481497,0.006999987,0.007250793,0.008740379,0.0259027
1237662337863581866,235.88794,35.759865,0.06916604,2.024038E-05,0.071223,0.01272,19.25697,17.34795,16.47755,16.08006,15.78991,0.04488559,0.005246686,0.004042144,0.004232886,0.009017605
1237662337863647716,235.91072,35.59621,0.4709208,0.0001018015,0.468374,0.014905,21.93309,20.50086,18.80984,17.95132,17.47072,0.476342,0.05311679,0.01920843,0.01508306,0.03486371
1237662337863712953,236.09462,35.624762,0.1238088,1.357699E-05,0.117302,0.022156,19.83368,18.49773,17.77187,17.3827,17.09148,0.06359366,0.009331177,0.007476193,0.008312365,0.0211899
1237662337863713175,236.17216,35.598391,0.3828143,0.000109128,0.364537,0.030572,23.81774,21.10637,19.34208,18.6926,18.26359,1.327308,0.05785039,0.01978497,0.01881416,0.0438947
1237662473153937554,235.7429,36.229206,0.1254054,1.203676E-05,0.026253,0.045149,20.71127,19.19655,18.95969,19.17007,19.67586,0.07895409,0.01187984,0.01229591,0.01809788,0.08448213
1237662473153937656,235.84102,36.164646,0.3883959,0.0001019511,-9999,-9999,24.26472,22.86421,21.4719,19.39886,18.98229,0.8826482,0.1665244,0.07258717,0.01694975,0.03774423
1237662473154003127,235.94121,36.107757,0.06851801,1.438853E-05,0.065443,0.012615,18.73978,16.92103,16.10388,15.72614,15.4337,0.02430265,0.004082395,0.003306004,0.003273969,0.005562872
1237662473154003189,235.99902,36.086818,0.06567408,3.627454E-05,0.093058,0.015785,20.09522,18.34677,17.45481,17.08311,16.75767,0.09643505,0.01075457,0.0074859,0.007364748,0.01683312
1237662473154068620,236.03241,36.017156,0.06897729,2.290398E-05,0.100256,0.028412,20.2152,18.42408,17.54996,17.07644,16.76432,0.07659163,0.008980266,0.00639951,0.006026107,0.01302239
1237662473154068718,236.11779,35.985916,0.06951838,3.869954E-05,0.06453,0.034984,20.03585,18.51587,17.88066,17.61405,17.38843,0.0587703,0.008727165,0.007144073,0.007593458,0.0182934
1237662473154134219,236.2748,35.890829,0.006308075,3.715721E-06,0.005176,0.007072,17.00738,16.28332,16.13911,16.18876,16.12078,0.01096232,0.003606758,0.003895432,0.005036069,0.01329696
1237662473154134246,236.17926,35.961862,0.07895175,1.257681E-05,0.077738,0.017029,19.02169,17.69805,17.18358,16.84179,16.70708,0.04925407,0.007878923,0.006994873,0.007350517,0.02088244
1237662473154396188,236.78066,35.613542,0.07661917,1.950219E-05,0.106364,0.02717,19.76331,18.19999,17.39357,16.99163,16.74261,0.07582352,0.009378884,0.006902858,0.006836254,0.01702791
1237662473690742882,235.96459,36.526887,0.06725692,2.085816E-05,0.070143,0.013446,16.66347,15.88882,15.38783,14.97279,14.80983,0.008550845,0.00294414,0.00268806,0.002648088,0.004992085
1237662473690742944,235.87023,36.612699,0.06727434,2.328984E-05,0.063864,0.011303,19.67469,17.82454,16.99459,16.58933,16.28821,0.05782101,0.007016485,0.005201521,0.004972592,0.01155595
1237662473690742971,235.8136,36.473101,0.06531674,2.719415E-05,0.057395,0.018538,19.78842,17.99939,17.20926,16.83014,16.51516,0.06817742,0.007916988,0.005986169,0.005827046,0.01454997
1237662473690743020,235.93932,36.537878,0.09313822,2.701341E-05,0.113289,0.026849,20.41135,18.44834,17.49129,17.00095,16.65368,0.1061825,0.01040362,0.006927032,0.006263399,0.01485106
1237662473690743047,235.96594,36.560443,0.06734061,2.254563E-05,0.084994,0.012332,19.87579,18.02698,17.13795,16.7364,16.42549,0.05609252,0.007052313,0.005111999,0.004884451,0.01090307
1237662473690743052,236.01264,36.597297,0.06868487,1.326571E-05,0.054603,0.012582,18.20209,16.38552,15.5588,15.18113,14.87906,0.02066724,0.003443541,0.002805322,0.002756594,0.005055018
1237662473690743060,235.99565,36.567265,0.06846621,8.38062E-06,0.084914,0.026486,19.35012,17.98308,17.35271,16.99728,16.79036,0.04011029,0.006957141,0.005826598,0.005651178,0.01451242
1237662473690808473,236.14119,36.477393,0.06691763,1.499524E-05,0.068859,0.011213,18.49201,16.63527,15.74442,15.32687,14.97327,0.03079982,0.004228022,0.003197163,0.003068422,0.006148249
1237662473690808508,236.03367,36.556773,0.06849528,1.477765E-05,0.051617,0.012248,17.96459,16.2136,15.39089,15.00923,14.69662,0.02162912,0.003483179,0.002820391,0.002760664,0.005393303
1237662473690808531,236.0191,36.502639,0.07615958,1.723377E-05,0.111904,0.014087,20.42793,18.22148,17.22211,16.76634,16.41388,0.08090867,0.007649224,0.005181297,0.004826135,0.01034021
1237662473690808576,235.98037,36.385115,0.1273799,1.935257E-05,0.147003,0.022918,19.50817,18.10463,17.24946,16.80343,16.50939,0.05269847,0.008602604,0.006205101,0.005810828,0.01434235
1237662473690808590,236.07925,36.45839,0.1909254,3.191895E-05,0.175903,0.010535,20.53029,18.64039,17.44403,16.97167,16.6312,0.09970188,0.01075235,0.006229365,0.00570612,0.01325663
1237662473690808596,235.99455,36.352677,0.07667635,7.820447E-06,0.075743,0.017046,19.10219,17.69637,17.10684,16.72296,16.48978,0.04063977,0.006942409,0.005925423,0.0057305,0.01473932
1237662473690808609,236.01835,36.347511,0.06639866,2.062806E-05,0.062987,0.010218,19.07055,17.20142,16.34714,15.93017,15.6024,0.03820716,0.005110509,0.003856849,0.003704208,0.007901797
1237662473690873888,236.11424,36.372386,0.1931196,3.296349E-05,0.229131,0.022015,20.73718,19.19105,17.89699,17.33957,17.01462,0.1343209,0.01714667,0.008888112,0.007602753,0.01926476
1237662473690874048,236.14635,36.440747,0.06676838,1.681372E-05,0.078197,0.009885,19.09018,17.17481,16.25515,15.82739,15.4637,0.03516227,0.004761091,0.003560105,0.003426977,0.006676686
1237662473690874067,236.21743,36.479334,0.01116591,9.942072E-06,0.013285,0.007241,17.23711,16.12204,15.70031,15.54396,15.42692,0.01564049,0.003564271,0.00337897,0.00386859,0.01160734
1237662473690874085,236.20194,36.445641,0.06490125,5.280903E-05,0.087209,0.03704,19.89673,18.34359,17.56124,17.22167,16.90681,0.09248285,0.01204795,0.009011714,0.009034207,0.02443848
1237662473690874138,236.25602,36.389923,0.2574566,3.822383E-05,0.225477,0.015056,21.03243,19.09595,17.73578,17.2903,16.95052,0.1507001,0.01446304,0.007388303,0.006854299,0.01662067
1237662473690874143,236.15581,36.275301,0.1954682,3.915887E-05,0.213839,0.014129,21.1581,19.03084,17.69592,17.20566,16.86104,0.1541913,0.01307752,0.006949333,0.006320136,0.01475175
1237662473690874152,236.21849,36.333888,0.06648941,1.884719E-05,0.090785,0.021941,19.00338,17.48797,16.69093,16.28504,15.96981,0.03858159,0.005854893,0.00448787,0.00432563,0.01036081
1237662473690874164,236.16148,36.254157,0.1930319,3.462426E-05,0.174848,0.014486,20.0812,18.41776,17.20294,16.68728,16.2949,0.0888889,0.01096011,0.006250836,0.005631044,0.01298398
1237662473690874172,236.31165,36.406642,0.06448299,3.069044E-05,0.078883,0.014805,20.48743,18.57146,17.72443,17.32535,17.00237,0.07559679,0.008772288,0.006429269,0.006194121,0.01435444
1237662473690874229,236.28253,36.441252,0.320581,6.48473E-05,0.334538,0.016805,21.92823,19.97826,18.21277,17.62932,17.20337,0.3630355,0.03023061,0.01079381,0.009056297,0.02180943
1237662473690939518,236.19956,36.264618,0.06947584,3.135551E-05,0.082381,0.016571,20.21707,18.49025,17.64767,17.2561,16.95648,0.07900144,0.009813561,0.00709231,0.006878343,0.0172831
1237662473690939553,236.35387,36.378004,0.1908887,8.783542E-05,0.185056,0.009929,21.04859,18.81835,17.57489,17.07497,16.70869,0.2177841,0.01524567,0.007968104,0.007230471,0.01798803
1237662473690939568,236.3332,36.342985,0.06608804,2.658119E-05,0.078942,0.010629,19.73829,17.79487,16.8965,16.47892,16.12853,0.06698392,0.007298442,0.005161765,0.004928084,0.01137891
1237662473690939653,236.43597,36.348288,0.2572188,4.977467E-05,0.202393,0.01632,21.70134,19.0984,17.77837,17.24247,16.85518,0.3008586,0.01587418,0.007814713,0.006898759,0.01609813
1237662474227810405,236.65338,36.53712,0.1596913,3.774952E-05,0.169806,0.008144,20.42577,18.1615,16.95346,16.46585,16.13384,0.1196636,0.00876334,0.005210218,0.004746464,0.01168234
1237662474227810531,236.5709,36.581391,0.1967082,3.595175E-05,0.175121,0.01706,20.26737,18.54008,17.41744,16.93012,16.60453,0.0997365,0.01084608,0.006643564,0.006048344,0.0159194
1237662474227875977,236.78161,36.562371,0.3035094,3.884049E-05,0.31452,0.054987,18.97982,18.73429,18.30289,18.18944,17.76834,0.02570323,0.008974019,0.008377034,0.009333466,0.02307377
1237662474227876031,236.85078,36.515898,0.1602382,3.124848E-05,0.165622,0.008377,19.90652,18.02441,16.8447,16.38671,16.04414,0.07624329,0.007756848,0.004832227,0.004486624,0.01055462
1237662503218643037,235.71006,36.316696,0.06474697,1.663024E-05,0.0818,0.01483,19.01965,17.17591,16.34437,15.97853,15.7205,0.03651744,0.004919207,0.003862455,0.003977392,0.008009095
1237662503218643105,235.71032,36.46803,0.07709648,1.95585E-05,0.116307,0.030642,19.96653,18.41101,17.59424,17.19194,16.93541,0.05459836,0.0079065,0.005943527,0.006155364,0.01409938
1237662503218643156,235.78667,36.463444,0.06522427,2.611294E-05,0.086905,0.017838,19.74166,17.94281,17.10585,16.72537,16.45321,0.07387411,0.008273382,0.006077287,0.006457496,0.01532982
1237662503218643205,235.81009,36.410903,0.06531516,2.345623E-05,0.076881,0.011262,19.87574,17.9388,17.06112,16.64642,16.33542,0.05177132,0.006371208,0.004823432,0.004865782,0.009574969
1237662503218643710,235.82968,36.43764,0.4345255,0.0001141049,0.431977,0.019644,25.79881,20.85187,18.94461,18.17388,17.73262,1.404357,0.06395802,0.01858314,0.01526982,0.03508205
1237662503218708518,235.80547,36.275041,0.06507503,1.767994E-05,0.069616,0.01056,19.07524,17.10167,16.23139,15.82828,15.53898,0.03882973,0.004568163,0.00351915,0.003532135,0.007071505
1237662503218708601,235.76855,36.286537,0.1568278,2.76289E-05,0.134324,0.016109,19.75129,18.13918,17.16943,16.72014,16.35506,0.07343215,0.009169158,0.006212602,0.006238957,0.01372937
1237662503218708609,235.78942,36.296127,0.06600507,3.84975E-05,0.079753,0.021765,20.10482,18.33617,17.53866,17.18022,16.92257,0.08284595,0.009163914,0.006957639,0.007493191,0.01878782
1237662503218708614,235.8664,36.370778,0.06389388,1.596874E-05,0.07154,0.007446,18.4227,16.41317,15.49961,15.05437,14.74557,0.03125048,0.003897644,0.003025804,0.003000437,0.005531338
1237662503218708638,235.88801,36.383173,0.127388,7.172583E-06,0.125964,0.035778,19.93216,19.28542,18.9949,18.65303,18.99068,0.04246368,0.01176596,0.01190982,0.01267068,0.05271772
1237662503218708661,235.94581,36.373639,0.06497961,2.876813E-05,0.075044,0.024323,20.06884,18.36157,17.60081,17.2414,16.99882,0.06917813,0.008814081,0.006787806,0.007094984,0.01719899
1237662503218708682,235.87171,36.279059,0.09356956,2.572516E-05,0.081687,0.015953,19.40951,17.49396,16.5393,16.03443,15.64025,0.06293748,0.00677038,0.004809603,0.004625973,0.009280399
1237662503218708704,235.90909,36.285921,0.09324045,1.371546E-05,0.083965,0.017281,18.63191,17.34744,16.72933,16.36806,16.16595,0.03957696,0.006225244,0.005324617,0.005801813,0.01541601
1237662503218708733,235.89401,36.218031,0.1075565,1.031085E-05,0.075185,0.02194,18.92623,17.64284,17.08968,16.77308,16.63101,0.04273381,0.007479839,0.006656109,0.007302471,0.02023217
1237662503218774101,235.9725,36.126926,0.1894889,3.959488E-05,0.184364,0.011469,21.29062,18.69268,17.44259,16.95754,16.62177,0.238166,0.01239927,0.006849219,0.006684871,0.01519713
1237662503218774207,236.0421,36.258574,0.06858486,2.461572E-05,0.105641,0.02854,19.97415,18.35158,17.50448,17.0745,16.70207,0.0719737,0.009408173,0.006849997,0.006921669,0.01521098
1237662503218774230,236.03922,36.191928,0.1880058,4.588652E-05,0.203449,0.010768,21.31902,18.80112,17.46091,16.95627,16.55842,0.2266445,0.01269708,0.006630694,0.006370319,0.01362243
1237662503218774253,236.01968,36.125105,0.06534806,1.975642E-05,0.082468,0.009275,19.24626,17.28732,16.3514,15.91066,15.56165,0.03947638,0.004997762,0.003723845,0.003694966,0.006839078
1237662503218774273,236.09371,36.178286,0.06762679,2.339518E-05,0.079761,0.012128,19.32014,17.52129,16.6433,16.24225,15.94863,0.05655085,0.006714673,0.004885897,0.004983783,0.01132444
1237662503218774362,236.05785,36.237388,0.1958859,5.994271E-05,0.196464,0.021312,20.54802,18.85344,17.64748,17.12724,16.7866,0.1260641,0.01347172,0.007456319,0.00723891,0.01720162
1237662503218839572,236.09999,36.135241,0.06282794,3.961054E-05,0.076089,0.026068,20.08435,18.34489,17.54543,17.15966,16.9302,0.09905221,0.01094424,0.00804314,0.008457547,0.02229331
1237662503218839595,236.21942,36.215575,0.06667417,1.663138E-05,0.058038,0.010453,18.57581,16.57157,15.71699,15.32292,15.02988,0.03363345,0.004049757,0.003181269,0.003235965,0.006339313
1237662503218839643,236.23274,36.138508,0.06371365,1.779874E-05,0.071748,0.014818,19.45049,17.52702,16.67147,16.28607,15.98277,0.04078057,0.005353082,0.004145022,0.004240002,0.008151881
1237662503218839737,236.05607,36.111182,0.06579661,1.851026E-05,0.061194,0.010266,18.76664,16.89448,16.02831,15.61602,15.29453,0.03595566,0.004641116,0.003537233,0.003578144,0.00706063
1237662503218839769,236.09188,36.105321,0.06383671,1.735091E-05,0.083589,0.011361,19.26428,17.365,16.45103,16.02506,15.69214,0.03897041,0.005158364,0.00387298,0.003860774,0.007240935
1237662503218839782,236.11035,36.119973,0.06764845,2.797802E-05,0.086678,0.013308,19.99647,18.11535,17.2151,16.79441,16.45692,0.05045052,0.006627812,0.004949212,0.004960261,0.00940034
1237662503218839798,236.07399,36.047853,0.07773951,7.493582E-06,0.084571,0.017474,18.69093,17.66391,17.25969,16.92882,16.82418,0.02735029,0.005994537,0.005766769,0.006290138,0.01731289
1237662503218839803,236.16559,36.137926,0.06155551,2.827904E-05,0.084668,0.019203,20.0472,18.21273,17.40854,17.05182,16.78424,0.0705459,0.008125328,0.00609483,0.006381008,0.01495463
1237662503218839818,236.10839,36.062104,0.06439563,1.780523E-05,0.085645,0.014837,19.61811,17.68502,16.80545,16.41266,16.11453,0.04419163,0.005677202,0.004317163,0.004364162,0.008487918
1237662503218839934,236.15736,36.030281,0.06564718,3.971138E-05,0.080782,0.014222,19.95658,17.83659,16.96713,16.56516,16.28302,0.1310055,0.01006258,0.007087077,0.007429198,0.01912886
1237662503218839946,236.23173,36.092804,0.06557067,2.517415E-05,0.082075,0.014809,20.38025,18.4973,17.62096,17.17879,16.85689,0.07199881,0.008406475,0.006068557,0.006030894,0.01274785
1237662503218840010,236.14241,36.196642,0.371211,9.31551E-05,0.351228,0.017631,22.58904,20.12367,18.31849,17.70334,17.28177,0.9089809,0.04441595,0.01420274,0.01291798,0.03068844
1237662503218970866,236.42006,35.874452,0.173148,1.054524E-05,0.16758,0.024604,19.72278,18.53727,17.81261,17.41325,17.25879,0.06305105,0.01055935,0.008218857,0.008660212,0.0252964
1237662503218970887,236.43817,35.865676,0.06603753,1.828493E-05,0.06885,0.012062,19.19223,17.25576,16.37436,15.94496,15.60728,0.03356966,0.004685409,0.003683539,0.003654754,0.006480768
1237662503219167364,236.7884,35.646155,0.0794133,1.487402E-05,0.080874,0.011,17.63206,15.48567,14.50237,14.05396,13.73014,0.02121951,0.002760779,0.002202275,0.00220302,0.003556875
1237662503219167449,236.86004,35.613812,0.07712999,2.04814E-05,0.134296,0.019379,20.88308,18.24854,17.10091,16.54898,16.134,0.1957491,0.01016086,0.006095466,0.005783853,0.01228844
1237662503755579520,236.2044,36.563143,0.03872261,1.255398E-05,0.044765,0.021756,19.35775,18.03697,17.53016,17.28015,17.14247,0.0629379,0.008963344,0.008282444,0.009748145,0.0320918
1237662503755645080,236.36397,36.529536,0.06443906,1.610616E-05,0.069888,0.017299,18.871,17.05782,16.16825,15.7093,15.33513,0.04062361,0.005252337,0.003956773,0.00388317,0.008294632
1237662503755645109,236.34941,36.446943,0.07708211,2.022903E-05,0.054746,0.012619,19.11877,17.13107,16.31787,15.9256,15.62759,0.05088391,0.00517531,0.00401336,0.004138199,0.01015501
1237662503755710474,236.5035,36.56742,0.0767455,2.020849E-05,0.086989,0.009927,19.6546,17.66169,16.74809,16.33059,16.04615,0.05275501,0.006014322,0.004392525,0.004387263,0.009920308
1237662503755710503,236.47656,36.460401,0.1916882,4.575718E-05,0.189831,0.007339,20.63516,18.54031,17.25645,16.78434,16.40751,0.1435112,0.01165177,0.006322147,0.006124119,0.01496822
1237662503755776278,236.66681,36.425516,0.2362708,4.321217E-05,0.228962,0.013715,21.17312,18.96224,17.56532,17.03573,16.70452,0.2051791,0.01473774,0.007304942,0.006867881,0.01764375
1237662503755776329,236.68041,36.370686,0.07016206,2.805453E-05,0.062877,0.013513,19.16459,17.15105,16.20239,15.66243,15.24438,0.07230415,0.00955362,0.004741675,0.004485738,0.0110931
1237662503755776569,236.57469,36.377666,0.4989339,0.0001708158,0.504678,0.032433,23.49234,21.98511,19.93579,19.01775,18.40306,0.8477962,0.1090497,0.02779949,0.01923485,0.04314715
